
INSERT INTO `watermanagement_db`.`tbl_matriz` (`id_matriz`, `codi`, `descripción`) VALUES (1, N'AS', 'Agua superficial');
INSERT INTO `watermanagement_db`.`tbl_matriz` (`id_matriz`, `codi`, `descripción`) VALUES (2, N'AT', 'Agua subterránea');

INSERT INTO `watermanagement_db`.`tbl_parametro_unidad` (`id_unidad`, `unidad_medida`, `descripcion`) VALUES (1, N'NTU', NULL);
INSERT INTO `watermanagement_db`.`tbl_parametro_unidad` (`id_unidad`, `unidad_medida`, `descripcion`) VALUES (2, N'mg CaCO3/L', NULL);
INSERT INTO `watermanagement_db`.`tbl_parametro_unidad` (`id_unidad`, `unidad_medida`, `descripcion`) VALUES (3, N'HUEV/LT', NULL);
INSERT INTO `watermanagement_db`.`tbl_parametro_unidad` (`id_unidad`, `unidad_medida`, `descripcion`) VALUES (4, N'NN', NULL);
INSERT INTO `watermanagement_db`.`tbl_parametro_unidad` (`id_unidad`, `unidad_medida`, `descripcion`) VALUES (5, N'NMP/100mL', NULL);
INSERT INTO `watermanagement_db`.`tbl_parametro_unidad` (`id_unidad`, `unidad_medida`, `descripcion`) VALUES (6, N'deg C', NULL);
INSERT INTO `watermanagement_db`.`tbl_parametro_unidad` (`id_unidad`, `unidad_medida`, `descripcion`) VALUES (7, N'UC', NULL);
INSERT INTO `watermanagement_db`.`tbl_parametro_unidad` (`id_unidad`, `unidad_medida`, `descripcion`) VALUES (8, N'uS/cm', NULL);
INSERT INTO `watermanagement_db`.`tbl_parametro_unidad` (`id_unidad`, `unidad_medida`, `descripcion`) VALUES (9, N'Presencia/Litro', NULL);
INSERT INTO `watermanagement_db`.`tbl_parametro_unidad` (`id_unidad`, `unidad_medida`, `descripcion`) VALUES (10, N'mg/L', NULL);
INSERT INTO `watermanagement_db`.`tbl_parametro_unidad` (`id_unidad`, `unidad_medida`, `descripcion`) VALUES (11, N'NMP/300mL', NULL);
INSERT INTO `watermanagement_db`.`tbl_parametro_unidad` (`id_unidad`, `unidad_medida`, `descripcion`) VALUES (12, N'Unidades pH', NULL);
INSERT INTO `watermanagement_db`.`tbl_parametro_unidad` (`id_unidad`, `unidad_medida`, `descripcion`) VALUES (13, N'mV', NULL);
INSERT INTO `watermanagement_db`.`tbl_parametro_unidad` (`id_unidad`, `unidad_medida`, `descripcion`) VALUES (14, N'm.s.n.m.', NULL);
INSERT INTO `watermanagement_db`.`tbl_parametro_unidad` (`id_unidad`, `unidad_medida`, `descripcion`) VALUES (15, N'ORG/L', NULL);
INSERT INTO `watermanagement_db`.`tbl_parametro_unidad` (`id_unidad`, `unidad_medida`, `descripcion`) VALUES (16, N'm', NULL);
INSERT INTO `watermanagement_db`.`tbl_parametro_unidad` (`id_unidad`, `unidad_medida`, `descripcion`) VALUES (17, N'L/s', NULL);

INSERT INTO `watermanagement_db`.`tbl_estandar_calidad_agua` (`id_eca`, `nombre_estandar`, `descripcion`, `fuente`, `comentario`, `evalua`) VALUES (24, N'ECA Cat. 1 - A1', N'Estándares Nacionales de Calidad Ambiental para Agua - Agua que puede ser potabilizada con tratamiento convencional', N'Decreto Supremo Nº015-2015-MINAM "El Peruano" 19/12/2015', NULL, 'NO');
INSERT INTO `watermanagement_db`.`tbl_estandar_calidad_agua` (`id_eca`, `nombre_estandar`, `descripcion`, `fuente`, `comentario`, `evalua`) VALUES (25, N'ECA Cat. 1 - A2', N'Estándares Nacionales de Calidad Ambiental para Agua - Agua que puede ser potabilizada con tratamiento convencional', N'Decreto Supremo Nº015-2015-MINAM "El Peruano" 19/12/2015', NULL, 'NO');
INSERT INTO `watermanagement_db`.`tbl_estandar_calidad_agua` (`id_eca`, `nombre_estandar`, `descripcion`, `fuente`, `comentario`, `evalua`) VALUES (26, N'ECA Cat. 1 - A3', N'Estándares Nacionales de Calidad Ambiental para Agua - Agua que puede ser potabilizada con tratamiento convencional', N'Decreto Supremo Nº015-2015-MINAM "El Peruano" 19/12/2015', NULL, 'NO');
INSERT INTO `watermanagement_db`.`tbl_estandar_calidad_agua` (`id_eca`, `nombre_estandar`, `descripcion`, `fuente`, `comentario`, `evalua`) VALUES (27, N'ECA Cat. 2 - 1', N'Estándares Nacionales de Calidad Ambiental para Agua - Otras actividades (C1)', N'Decreto Supremo Nº015-2015-MINAM "El Peruano" 19/12/2015', NULL, 'NO');
INSERT INTO `watermanagement_db`.`tbl_estandar_calidad_agua` (`id_eca`, `nombre_estandar`, `descripcion`, `fuente`, `comentario`, `evalua`) VALUES (28, N'ECA Cat. 2 - 2', N'Estándares Nacionales de Calidad Ambiental para Agua - Extracción y cultivo de otras especies hidrobiológicas (C2)', N'Decreto Supremo Nº015-2015-MINAM "El Peruano" 19/12/2015', NULL, 'NO');
INSERT INTO `watermanagement_db`.`tbl_estandar_calidad_agua` (`id_eca`, `nombre_estandar`, `descripcion`, `fuente`, `comentario`, `evalua`) VALUES (29, N'ECA Cat. 2 - 3', N'Estándares Nacionales de Calidad Ambiental para Agua - Otras actividades (C3)', N'Decreto Supremo Nº015-2015-MINAM "El Peruano" 19/12/2015', NULL, 'NO');
INSERT INTO `watermanagement_db`.`tbl_estandar_calidad_agua` (`id_eca`, `nombre_estandar`, `descripcion`, `fuente`, `comentario`, `evalua`) VALUES (30, N'ECA Cat. 2 - 4', N'Estándares Nacionales de Calidad Ambiental para Agua - Extracción y cultivo de otras especies hidrobiológicas (C4)', N'Decreto Supremo Nº015-2015-MINAM "El Peruano" 19/12/2015', NULL, 'NO');
INSERT INTO `watermanagement_db`.`tbl_estandar_calidad_agua` (`id_eca`, `nombre_estandar`, `descripcion`, `fuente`, `comentario`, `evalua`) VALUES (31, N'ECA Cat. 3 - BA', N'Estándares Nacionales de Calidad Ambiental para Agua - Bebidas de animales', N'Decreto Supremo Nº015-2015-MINAM "El Peruano" 19/12/2015', NULL, 'SI');
INSERT INTO `watermanagement_db`.`tbl_estandar_calidad_agua` (`id_eca`, `nombre_estandar`, `descripcion`, `fuente`, `comentario`, `evalua`) VALUES (32, N'ECA Cat. 3 - RV', N'Estándares Nacionales de Calidad Ambiental para Agua - Riego de vegetales', N'Decreto Supremo Nº015-2015-MINAM "El Peruano" 19/12/2015', NULL, 'SI');
INSERT INTO `watermanagement_db`.`tbl_estandar_calidad_agua` (`id_eca`, `nombre_estandar`, `descripcion`, `fuente`, `comentario`, `evalua`) VALUES (33, N'ECA Cat. 4 - CAA - EMC - Estuarios', N'Estándares Nacionales de Calidad Ambiental para Agua - Conservación del ambiente acuático - Ecosistemas marino costeros - Marinos', N'Decreto Supremo Nº015-2015-MINAM "El Peruano" 19/12/2015', NULL, 'NO');
INSERT INTO `watermanagement_db`.`tbl_estandar_calidad_agua` (`id_eca`, `nombre_estandar`, `descripcion`, `fuente`, `comentario`, `evalua`) VALUES (34, N'ECA Cat. 4 - CAA - EMC - Marinos ', N'Estándares Nacionales de Calidad Ambiental para Agua - Conservación del ambiente acuático - Ecosistemas marino costeros - Marinos', N'Decreto Supremo Nº015-2015-MINAM "El Peruano" 19/12/2015', NULL, 'NO');
INSERT INTO `watermanagement_db`.`tbl_estandar_calidad_agua` (`id_eca`, `nombre_estandar`, `descripcion`, `fuente`, `comentario`, `evalua`) VALUES (35, N'ECA Cat. 4 - CAA - LL', N'Estándares Nacionales de Calidad Ambiental para Agua - Conservación del ambiente acuático - Lagunas y Lagos', N'Decreto Supremo Nº015-2015-MINAM "El Peruano" 19/12/2015', NULL, 'NO');
INSERT INTO `watermanagement_db`.`tbl_estandar_calidad_agua` (`id_eca`, `nombre_estandar`, `descripcion`, `fuente`, `comentario`, `evalua`) VALUES (36, N'ECA Cat. 4 - CAA - RCS', N'Estándares Nacionales de Calidad Ambiental para Agua - Conservación del ambiente acuático - Ríos de Costa  y Sierra', N'Decreto Supremo Nº015-2015-MINAM "El Peruano" 19/12/2015', NULL, 'NO');
INSERT INTO `watermanagement_db`.`tbl_estandar_calidad_agua` (`id_eca`, `nombre_estandar`, `descripcion`, `fuente`, `comentario`, `evalua`) VALUES (37, N'ECA Cat. 4 - CAA - RS', N'Estándares Nacionales de Calidad Ambiental para Agua - Conservación del ambiente acuático - Ríos de Selva', N'Decreto Supremo Nº015-2015-MINAM "El Peruano" 19/12/2015', NULL, 'NO');

INSERT INTO `watermanagement_db`.`tbl_parametro_cateria` (`id_cateria`, `cateria`, `orden_cateria`) VALUES (0, N'Campo', N'01');
INSERT INTO `watermanagement_db`.`tbl_parametro_cateria` (`id_cateria`, `cateria`, `orden_cateria`) VALUES (1, N'Fisicoquímicos', N'02');
INSERT INTO `watermanagement_db`.`tbl_parametro_cateria` (`id_cateria`, `cateria`, `orden_cateria`) VALUES (2, N'Aniones', N'03');
INSERT INTO `watermanagement_db`.`tbl_parametro_cateria` (`id_cateria`, `cateria`, `orden_cateria`) VALUES (3, N'Orgánicos', N'04');
INSERT INTO `watermanagement_db`.`tbl_parametro_cateria` (`id_cateria`, `cateria`, `orden_cateria`) VALUES (4, N'Inorgánicos', N'05');
INSERT INTO `watermanagement_db`.`tbl_parametro_cateria` (`id_cateria`, `cateria`, `orden_cateria`) VALUES (5, N'Metales', N'06');
INSERT INTO `watermanagement_db`.`tbl_parametro_cateria` (`id_cateria`, `cateria`, `orden_cateria`) VALUES (6, N'Metales Disueltos', N'07');
INSERT INTO `watermanagement_db`.`tbl_parametro_cateria` (`id_cateria`, `cateria`, `orden_cateria`) VALUES (7, N'Metales Totales', N'08');
INSERT INTO `watermanagement_db`.`tbl_parametro_cateria` (`id_cateria`, `cateria`, `orden_cateria`) VALUES (8, N'Microbiológicos', N'09');
INSERT INTO `watermanagement_db`.`tbl_parametro_cateria` (`id_cateria`, `cateria`, `orden_cateria`) VALUES (9, N'BETX', N'10');
INSERT INTO `watermanagement_db`.`tbl_parametro_cateria` (`id_cateria`, `cateria`, `orden_cateria`) VALUES (10, N'Silicatos', N'11');
INSERT INTO `watermanagement_db`.`tbl_parametro_cateria` (`id_cateria`, `cateria`, `orden_cateria`) VALUES (11, N'Plaguicidas', N'12');
INSERT INTO `watermanagement_db`.`tbl_parametro_cateria` (`id_cateria`, `cateria`, `orden_cateria`) VALUES (12, N'Compuestos Orgánicos Volátiles', N'13');
INSERT INTO `watermanagement_db`.`tbl_parametro_cateria` (`id_cateria`, `cateria`, `orden_cateria`) VALUES (13, N'Hidrocarburos', N'14');
INSERT INTO `watermanagement_db`.`tbl_parametro_cateria` (`id_cateria`, `cateria`, `orden_cateria`) VALUES (14, N'Hidrocarburos Totales de Petroleo', N'15');
INSERT INTO `watermanagement_db`.`tbl_parametro_cateria` (`id_cateria`, `cateria`, `orden_cateria`) VALUES (15, N'Otros', N'16');

INSERT INTO `watermanagement_db`.`tbl_parametro_analisis` (`id_parametro`, `nombre_parametro`, `simbologia`, `analito_formula_peso`, `carga`, `id_cateria`) VALUES (1, N'1,1,1-Tricloroetano', N'1,1,1-Tricloroetano', 133.37, NULL, 12);
INSERT INTO `watermanagement_db`.`tbl_parametro_analisis` (`id_parametro`, `nombre_parametro`, `simbologia`, `analito_formula_peso`, `carga`, `id_cateria`) VALUES (2, N'1,2-Diclorobenceno', N'1,2-Diclorobenceno', 147, NULL, 12);
INSERT INTO `watermanagement_db`.`tbl_parametro_analisis` (`id_parametro`, `nombre_parametro`, `simbologia`, `analito_formula_peso`, `carga`, `id_cateria`) VALUES (3, N'1,2-Dicloroetano', N'1,2-Dicloroetano', 98.96, NULL, 12);
INSERT INTO `watermanagement_db`.`tbl_parametro_analisis` (`id_parametro`, `nombre_parametro`, `simbologia`, `analito_formula_peso`, `carga`, `id_cateria`) VALUES (4, N'4,4-DDD', N'4,4-DDD', NULL, NULL, 11);
INSERT INTO `watermanagement_db`.`tbl_parametro_analisis` (`id_parametro`, `nombre_parametro`, `simbologia`, `analito_formula_peso`, `carga`, `id_cateria`) VALUES (5, N'4,4-DDE', N'4,4-DDE', NULL, NULL, 11);
INSERT INTO `watermanagement_db`.`tbl_parametro_analisis` (`id_parametro`, `nombre_parametro`, `simbologia`, `analito_formula_peso`, `carga`, `id_cateria`) VALUES (6, N'4,4-DDT', N'4,4-DDT', NULL, NULL, 11);
INSERT INTO `watermanagement_db`.`tbl_parametro_analisis` (`id_parametro`, `nombre_parametro`, `simbologia`, `analito_formula_peso`, `carga`, `id_cateria`) VALUES (7, N'Aceites y Grasas', N'OG', NULL, NULL, 3);
INSERT INTO `watermanagement_db`.`tbl_parametro_analisis` (`id_parametro`, `nombre_parametro`, `simbologia`, `analito_formula_peso`, `carga`, `id_cateria`) VALUES (8, N'Acenafteno', N'Acenafteno', NULL, NULL, 12);
INSERT INTO `watermanagement_db`.`tbl_parametro_analisis` (`id_parametro`, `nombre_parametro`, `simbologia`, `analito_formula_peso`, `carga`, `id_cateria`) VALUES (9, N'Acenaftileno', N'Acenaftileno', NULL, NULL, 12);
INSERT INTO `watermanagement_db`.`tbl_parametro_analisis` (`id_parametro`, `nombre_parametro`, `simbologia`, `analito_formula_peso`, `carga`, `id_cateria`) VALUES (10, N'Acidez', N'Acidity', NULL, NULL, 1);
INSERT INTO `watermanagement_db`.`tbl_parametro_analisis` (`id_parametro`, `nombre_parametro`, `simbologia`, `analito_formula_peso`, `carga`, `id_cateria`) VALUES (11, N'Alcalinidad Bicarbonato', N'Alk_HCO3', NULL, NULL, 1);
INSERT INTO `watermanagement_db`.`tbl_parametro_analisis` (`id_parametro`, `nombre_parametro`, `simbologia`, `analito_formula_peso`, `carga`, `id_cateria`) VALUES (12, N'Alcalinidad Carbonato', N'Alk_CO3', NULL, NULL, 1);
INSERT INTO `watermanagement_db`.`tbl_parametro_analisis` (`id_parametro`, `nombre_parametro`, `simbologia`, `analito_formula_peso`, `carga`, `id_cateria`) VALUES (13, N'Alcalinidad Parcial', N'Alkl_P', NULL, NULL, 1);
INSERT INTO `watermanagement_db`.`tbl_parametro_analisis` (`id_parametro`, `nombre_parametro`, `simbologia`, `analito_formula_peso`, `carga`, `id_cateria`) VALUES (14, N'Alcalinidad Total', N'Alk_Total_Lab', 61.016, 1, 1);
INSERT INTO `watermanagement_db`.`tbl_parametro_analisis` (`id_parametro`, `nombre_parametro`, `simbologia`, `analito_formula_peso`, `carga`, `id_cateria`) VALUES (15, N'Aldrin', N'Aldrin', NULL, NULL, 11);
INSERT INTO `watermanagement_db`.`tbl_parametro_analisis` (`id_parametro`, `nombre_parametro`, `simbologia`, `analito_formula_peso`, `carga`, `id_cateria`) VALUES (16, N'alfa-BHC', N'alfa-BHC', NULL, NULL, 11);
INSERT INTO `watermanagement_db`.`tbl_parametro_analisis` (`id_parametro`, `nombre_parametro`, `simbologia`, `analito_formula_peso`, `carga`, `id_cateria`) VALUES (17, N'Aluminio (disuelto)', N'Al_F', 26.98, 3, 6);
INSERT INTO `watermanagement_db`.`tbl_parametro_analisis` (`id_parametro`, `nombre_parametro`, `simbologia`, `analito_formula_peso`, `carga`, `id_cateria`) VALUES (18, N'Aluminio (total)', N'Al_T', NULL, NULL, 7);
INSERT INTO `watermanagement_db`.`tbl_parametro_analisis` (`id_parametro`, `nombre_parametro`, `simbologia`, `analito_formula_peso`, `carga`, `id_cateria`) VALUES (19, N'Amoníaco', N'N_NH3', NULL, NULL, 4);
INSERT INTO `watermanagement_db`.`tbl_parametro_analisis` (`id_parametro`, `nombre_parametro`, `simbologia`, `analito_formula_peso`, `carga`, `id_cateria`) VALUES (20, N'Antimonio (disuelto)', N'Sb_F', 26.98, 3, 6);
INSERT INTO `watermanagement_db`.`tbl_parametro_analisis` (`id_parametro`, `nombre_parametro`, `simbologia`, `analito_formula_peso`, `carga`, `id_cateria`) VALUES (21, N'Antimonio (total)', N'Sb_T', NULL, NULL, 7);
INSERT INTO `watermanagement_db`.`tbl_parametro_analisis` (`id_parametro`, `nombre_parametro`, `simbologia`, `analito_formula_peso`, `carga`, `id_cateria`) VALUES (22, N'Arsénico (disuelto)', N'As_F', NULL, NULL, 6);
INSERT INTO `watermanagement_db`.`tbl_parametro_analisis` (`id_parametro`, `nombre_parametro`, `simbologia`, `analito_formula_peso`, `carga`, `id_cateria`) VALUES (23, N'Arsénico (total)', N'As_T', NULL, NULL, 7);
INSERT INTO `watermanagement_db`.`tbl_parametro_analisis` (`id_parametro`, `nombre_parametro`, `simbologia`, `analito_formula_peso`, `carga`, `id_cateria`) VALUES (24, N'Bario (disuelto)', N'Ba_F', NULL, NULL, 6);
INSERT INTO `watermanagement_db`.`tbl_parametro_analisis` (`id_parametro`, `nombre_parametro`, `simbologia`, `analito_formula_peso`, `carga`, `id_cateria`) VALUES (25, N'Bario (total)', N'Ba_T', NULL, NULL, 7);
INSERT INTO `watermanagement_db`.`tbl_parametro_analisis` (`id_parametro`, `nombre_parametro`, `simbologia`, `analito_formula_peso`, `carga`, `id_cateria`) VALUES (26, N'Benceno', N'C6H6', NULL, NULL, 9);
INSERT INTO `watermanagement_db`.`tbl_parametro_analisis` (`id_parametro`, `nombre_parametro`, `simbologia`, `analito_formula_peso`, `carga`, `id_cateria`) VALUES (27, N'Benzo(a)antraceno', N'Benzo(a)antraceno', NULL, NULL, 13);
INSERT INTO `watermanagement_db`.`tbl_parametro_analisis` (`id_parametro`, `nombre_parametro`, `simbologia`, `analito_formula_peso`, `carga`, `id_cateria`) VALUES (28, N'Benzo(a)pireno', N'Benzo(a)pireno', NULL, NULL, 13);
INSERT INTO `watermanagement_db`.`tbl_parametro_analisis` (`id_parametro`, `nombre_parametro`, `simbologia`, `analito_formula_peso`, `carga`, `id_cateria`) VALUES (29, N'Benzo(ghi)perileno', N'Benzo(ghi)perileno', NULL, NULL, 13);
INSERT INTO `watermanagement_db`.`tbl_parametro_analisis` (`id_parametro`, `nombre_parametro`, `simbologia`, `analito_formula_peso`, `carga`, `id_cateria`) VALUES (30, N'Benzo(k)Fluorantreno', N'Benzo(k)Fluorantreno', NULL, NULL, 13);
INSERT INTO `watermanagement_db`.`tbl_parametro_analisis` (`id_parametro`, `nombre_parametro`, `simbologia`, `analito_formula_peso`, `carga`, `id_cateria`) VALUES (31, N'Berilio (disuelto)', N'Be_F', NULL, NULL, 6);
INSERT INTO `watermanagement_db`.`tbl_parametro_analisis` (`id_parametro`, `nombre_parametro`, `simbologia`, `analito_formula_peso`, `carga`, `id_cateria`) VALUES (32, N'Berilio (total)', N'Be_T', NULL, NULL, 7);
INSERT INTO `watermanagement_db`.`tbl_parametro_analisis` (`id_parametro`, `nombre_parametro`, `simbologia`, `analito_formula_peso`, `carga`, `id_cateria`) VALUES (33, N'beta-BHC', N'beta-BHC', NULL, NULL, 11);
INSERT INTO `watermanagement_db`.`tbl_parametro_analisis` (`id_parametro`, `nombre_parametro`, `simbologia`, `analito_formula_peso`, `carga`, `id_cateria`) VALUES (34, N'Bismuto (disuelto)', N'Bi_F', NULL, NULL, 6);
INSERT INTO `watermanagement_db`.`tbl_parametro_analisis` (`id_parametro`, `nombre_parametro`, `simbologia`, `analito_formula_peso`, `carga`, `id_cateria`) VALUES (35, N'Bismuto (total)', N'Bi_T', NULL, NULL, 7);
INSERT INTO `watermanagement_db`.`tbl_parametro_analisis` (`id_parametro`, `nombre_parametro`, `simbologia`, `analito_formula_peso`, `carga`, `id_cateria`) VALUES (36, N'Boro (disuelto)', N'B_F', NULL, NULL, 6);
INSERT INTO `watermanagement_db`.`tbl_parametro_analisis` (`id_parametro`, `nombre_parametro`, `simbologia`, `analito_formula_peso`, `carga`, `id_cateria`) VALUES (37, N'Boro (total)', N'B_T', NULL, NULL, 7);
INSERT INTO `watermanagement_db`.`tbl_parametro_analisis` (`id_parametro`, `nombre_parametro`, `simbologia`, `analito_formula_peso`, `carga`, `id_cateria`) VALUES (38, N'Bromodiclorometano', N'Bromodiclorometano', NULL, NULL, 12);
INSERT INTO `watermanagement_db`.`tbl_parametro_analisis` (`id_parametro`, `nombre_parametro`, `simbologia`, `analito_formula_peso`, `carga`, `id_cateria`) VALUES (39, N'Bromuro', N'Br_Ionic', NULL, NULL, 2);
INSERT INTO `watermanagement_db`.`tbl_parametro_analisis` (`id_parametro`, `nombre_parametro`, `simbologia`, `analito_formula_peso`, `carga`, `id_cateria`) VALUES (40, N'Cadmio (disuelto)', N'Cd_F', NULL, NULL, 6);
INSERT INTO `watermanagement_db`.`tbl_parametro_analisis` (`id_parametro`, `nombre_parametro`, `simbologia`, `analito_formula_peso`, `carga`, `id_cateria`) VALUES (41, N'Cadmio (total)', N'Cd_T', NULL, NULL, 7);
INSERT INTO `watermanagement_db`.`tbl_parametro_analisis` (`id_parametro`, `nombre_parametro`, `simbologia`, `analito_formula_peso`, `carga`, `id_cateria`) VALUES (42, N'Calcio (disuelto)', N'Ca_F', 40.08, 2, 6);
INSERT INTO `watermanagement_db`.`tbl_parametro_analisis` (`id_parametro`, `nombre_parametro`, `simbologia`, `analito_formula_peso`, `carga`, `id_cateria`) VALUES (43, N'Calcio (total)', N'Ca_T', NULL, NULL, 7);
INSERT INTO `watermanagement_db`.`tbl_parametro_analisis` (`id_parametro`, `nombre_parametro`, `simbologia`, `analito_formula_peso`, `carga`, `id_cateria`) VALUES (44, N'Carbón Orgánico Total', N'TOC', NULL, NULL, 3);
INSERT INTO `watermanagement_db`.`tbl_parametro_analisis` (`id_parametro`, `nombre_parametro`, `simbologia`, `analito_formula_peso`, `carga`, `id_cateria`) VALUES (45, N'Caudal', N'Flow', NULL, NULL, 0);
INSERT INTO `watermanagement_db`.`tbl_parametro_analisis` (`id_parametro`, `nombre_parametro`, `simbologia`, `analito_formula_peso`, `carga`, `id_cateria`) VALUES (46, N'Cerio (disuelto)', N'Ce_F', NULL, NULL, 6);
INSERT INTO `watermanagement_db`.`tbl_parametro_analisis` (`id_parametro`, `nombre_parametro`, `simbologia`, `analito_formula_peso`, `carga`, `id_cateria`) VALUES (47, N'Cerio (total)', N'Ce_T', NULL, NULL, 7);
INSERT INTO `watermanagement_db`.`tbl_parametro_analisis` (`id_parametro`, `nombre_parametro`, `simbologia`, `analito_formula_peso`, `carga`, `id_cateria`) VALUES (48, N'Cesio (disuelto)', N'Cs_F', NULL, NULL, 6);
INSERT INTO `watermanagement_db`.`tbl_parametro_analisis` (`id_parametro`, `nombre_parametro`, `simbologia`, `analito_formula_peso`, `carga`, `id_cateria`) VALUES (49, N'Cesio (total)', N'Cs_T', NULL, NULL, 7);
INSERT INTO `watermanagement_db`.`tbl_parametro_analisis` (`id_parametro`, `nombre_parametro`, `simbologia`, `analito_formula_peso`, `carga`, `id_cateria`) VALUES (50, N'Cianuro Libre', N'CN_Free', NULL, NULL, 4);
INSERT INTO `watermanagement_db`.`tbl_parametro_analisis` (`id_parametro`, `nombre_parametro`, `simbologia`, `analito_formula_peso`, `carga`, `id_cateria`) VALUES (51, N'Cianuro Total', N'CN_Total', NULL, NULL, 4);
INSERT INTO `watermanagement_db`.`tbl_parametro_analisis` (`id_parametro`, `nombre_parametro`, `simbologia`, `analito_formula_peso`, `carga`, `id_cateria`) VALUES (52, N'Cianuro WAD', N'CN_WAD', NULL, NULL, 4);
INSERT INTO `watermanagement_db`.`tbl_parametro_analisis` (`id_parametro`, `nombre_parametro`, `simbologia`, `analito_formula_peso`, `carga`, `id_cateria`) VALUES (53, N'Circonio (disuelto)', N'Zr_F', NULL, NULL, 6);
INSERT INTO `watermanagement_db`.`tbl_parametro_analisis` (`id_parametro`, `nombre_parametro`, `simbologia`, `analito_formula_peso`, `carga`, `id_cateria`) VALUES (54, N'Circonio (total)', N'Zr_T', NULL, NULL, 7);
INSERT INTO `watermanagement_db`.`tbl_parametro_analisis` (`id_parametro`, `nombre_parametro`, `simbologia`, `analito_formula_peso`, `carga`, `id_cateria`) VALUES (55, N'Cloro Libre', N'Cl2', NULL, NULL, 2);
INSERT INTO `watermanagement_db`.`tbl_parametro_analisis` (`id_parametro`, `nombre_parametro`, `simbologia`, `analito_formula_peso`, `carga`, `id_cateria`) VALUES (56, N'Cloro Libre de Campo', N'Cl2_Field', NULL, NULL, 0);
INSERT INTO `watermanagement_db`.`tbl_parametro_analisis` (`id_parametro`, `nombre_parametro`, `simbologia`, `analito_formula_peso`, `carga`, `id_cateria`) VALUES (57, N'Cloro Residual', N'Cl2_Res', NULL, NULL, 2);
INSERT INTO `watermanagement_db`.`tbl_parametro_analisis` (`id_parametro`, `nombre_parametro`, `simbologia`, `analito_formula_peso`, `carga`, `id_cateria`) VALUES (58, N'Clorofila', N'Clorofila', NULL, NULL, 15);
INSERT INTO `watermanagement_db`.`tbl_parametro_analisis` (`id_parametro`, `nombre_parametro`, `simbologia`, `analito_formula_peso`, `carga`, `id_cateria`) VALUES (59, N'Cloroformo', N'Cloroformo', NULL, NULL, 12);
INSERT INTO `watermanagement_db`.`tbl_parametro_analisis` (`id_parametro`, `nombre_parametro`, `simbologia`, `analito_formula_peso`, `carga`, `id_cateria`) VALUES (60, N'Cloruro', N'Cl', 35.453, 1, 2);
INSERT INTO `watermanagement_db`.`tbl_parametro_analisis` (`id_parametro`, `nombre_parametro`, `simbologia`, `analito_formula_peso`, `carga`, `id_cateria`) VALUES (61, N'Cobalto (disuelto)', N'Co_F', NULL, NULL, 6);
INSERT INTO `watermanagement_db`.`tbl_parametro_analisis` (`id_parametro`, `nombre_parametro`, `simbologia`, `analito_formula_peso`, `carga`, `id_cateria`) VALUES (62, N'Cobalto (total)', N'Co_T', NULL, NULL, 7);
INSERT INTO `watermanagement_db`.`tbl_parametro_analisis` (`id_parametro`, `nombre_parametro`, `simbologia`, `analito_formula_peso`, `carga`, `id_cateria`) VALUES (63, N'Cobre (disuelto)', N'Cu_F', NULL, NULL, 6);
INSERT INTO `watermanagement_db`.`tbl_parametro_analisis` (`id_parametro`, `nombre_parametro`, `simbologia`, `analito_formula_peso`, `carga`, `id_cateria`) VALUES (64, N'Cobre (total)', N'Cu_T', NULL, NULL, 7);
INSERT INTO `watermanagement_db`.`tbl_parametro_analisis` (`id_parametro`, `nombre_parametro`, `simbologia`, `analito_formula_peso`, `carga`, `id_cateria`) VALUES (65, N'Coliformes Fecales', N'F_Coli', NULL, NULL, 8);
INSERT INTO `watermanagement_db`.`tbl_parametro_analisis` (`id_parametro`, `nombre_parametro`, `simbologia`, `analito_formula_peso`, `carga`, `id_cateria`) VALUES (66, N'Coliformes Totales', N'T_Coli', NULL, NULL, 8);
INSERT INTO `watermanagement_db`.`tbl_parametro_analisis` (`id_parametro`, `nombre_parametro`, `simbologia`, `analito_formula_peso`, `carga`, `id_cateria`) VALUES (67, N'Color verdadero', N'Color', NULL, NULL, 1);
INSERT INTO `watermanagement_db`.`tbl_parametro_analisis` (`id_parametro`, `nombre_parametro`, `simbologia`, `analito_formula_peso`, `carga`, `id_cateria`) VALUES (68, N'Conductividad de Campo', N'EC_Field', NULL, NULL, 0);
INSERT INTO `watermanagement_db`.`tbl_parametro_analisis` (`id_parametro`, `nombre_parametro`, `simbologia`, `analito_formula_peso`, `carga`, `id_cateria`) VALUES (69, N'Conductividad de Laboratorio', N'EC_Lab', NULL, NULL, 1);
INSERT INTO `watermanagement_db`.`tbl_parametro_analisis` (`id_parametro`, `nombre_parametro`, `simbologia`, `analito_formula_peso`, `carga`, `id_cateria`) VALUES (70, N'Criseno', N'Criseno', NULL, NULL, 12);
INSERT INTO `watermanagement_db`.`tbl_parametro_analisis` (`id_parametro`, `nombre_parametro`, `simbologia`, `analito_formula_peso`, `carga`, `id_cateria`) VALUES (71, N'Cromo (disuelto)', N'Cr_F', NULL, NULL, 6);
INSERT INTO `watermanagement_db`.`tbl_parametro_analisis` (`id_parametro`, `nombre_parametro`, `simbologia`, `analito_formula_peso`, `carga`, `id_cateria`) VALUES (72, N'Cromo (total)', N'Cr_T', NULL, NULL, 7);
INSERT INTO `watermanagement_db`.`tbl_parametro_analisis` (`id_parametro`, `nombre_parametro`, `simbologia`, `analito_formula_peso`, `carga`, `id_cateria`) VALUES (73, N'Cromo VI (disuelto)', N'Cr_VI_F', NULL, NULL, 5);
INSERT INTO `watermanagement_db`.`tbl_parametro_analisis` (`id_parametro`, `nombre_parametro`, `simbologia`, `analito_formula_peso`, `carga`, `id_cateria`) VALUES (74, N'Cromo VI (total)', N'Cr_VI_T', NULL, NULL, 5);
INSERT INTO `watermanagement_db`.`tbl_parametro_analisis` (`id_parametro`, `nombre_parametro`, `simbologia`, `analito_formula_peso`, `carga`, `id_cateria`) VALUES (75, N'delta-BHC', N'delta-BHC', NULL, NULL, 11);
INSERT INTO `watermanagement_db`.`tbl_parametro_analisis` (`id_parametro`, `nombre_parametro`, `simbologia`, `analito_formula_peso`, `carga`, `id_cateria`) VALUES (76, N'Demanda Bioquímica de Oxígeno', N'BOD', NULL, NULL, 3);
INSERT INTO `watermanagement_db`.`tbl_parametro_analisis` (`id_parametro`, `nombre_parametro`, `simbologia`, `analito_formula_peso`, `carga`, `id_cateria`) VALUES (77, N'Demanda Bioquímica de Oxígeno 5', N'BOD5', NULL, NULL, 3);
INSERT INTO `watermanagement_db`.`tbl_parametro_analisis` (`id_parametro`, `nombre_parametro`, `simbologia`, `analito_formula_peso`, `carga`, `id_cateria`) VALUES (78, N'Demanda Química de Oxígeno', N'COD', NULL, NULL, 3);
INSERT INTO `watermanagement_db`.`tbl_parametro_analisis` (`id_parametro`, `nombre_parametro`, `simbologia`, `analito_formula_peso`, `carga`, `id_cateria`) VALUES (79, N'Detergentes (SAAM)', N'SAAM', NULL, NULL, 3);
INSERT INTO `watermanagement_db`.`tbl_parametro_analisis` (`id_parametro`, `nombre_parametro`, `simbologia`, `analito_formula_peso`, `carga`, `id_cateria`) VALUES (80, N'Dibenzo(ah)antraceno', N'Dibenzo(ah)antraceno', NULL, NULL, 12);
INSERT INTO `watermanagement_db`.`tbl_parametro_analisis` (`id_parametro`, `nombre_parametro`, `simbologia`, `analito_formula_peso`, `carga`, `id_cateria`) VALUES (81, N'Dibromoclorometano', N'Dibromoclorometano', NULL, NULL, 12);
INSERT INTO `watermanagement_db`.`tbl_parametro_analisis` (`id_parametro`, `nombre_parametro`, `simbologia`, `analito_formula_peso`, `carga`, `id_cateria`) VALUES (82, N'Dieldrin', N'Dieldrin', NULL, NULL, 11);
INSERT INTO `watermanagement_db`.`tbl_parametro_analisis` (`id_parametro`, `nombre_parametro`, `simbologia`, `analito_formula_peso`, `carga`, `id_cateria`) VALUES (83, N'Dimetoato', N'Dimetoato', NULL, NULL, 11);
INSERT INTO `watermanagement_db`.`tbl_parametro_analisis` (`id_parametro`, `nombre_parametro`, `simbologia`, `analito_formula_peso`, `carga`, `id_cateria`) VALUES (84, N'Disulfotón', N'Disulfotón', NULL, NULL, 11);
INSERT INTO `watermanagement_db`.`tbl_parametro_analisis` (`id_parametro`, `nombre_parametro`, `simbologia`, `analito_formula_peso`, `carga`, `id_cateria`) VALUES (85, N'Dureza Cálcica', N'Hard_Ca', NULL, NULL, 1);
INSERT INTO `watermanagement_db`.`tbl_parametro_analisis` (`id_parametro`, `nombre_parametro`, `simbologia`, `analito_formula_peso`, `carga`, `id_cateria`) VALUES (86, N'Dureza como CaCO3', N'Hard_CaCO3', NULL, NULL, 1);
INSERT INTO `watermanagement_db`.`tbl_parametro_analisis` (`id_parametro`, `nombre_parametro`, `simbologia`, `analito_formula_peso`, `carga`, `id_cateria`) VALUES (87, N'Dureza Magnésica', N'Hard_Magnesica', NULL, NULL, 1);
INSERT INTO `watermanagement_db`.`tbl_parametro_analisis` (`id_parametro`, `nombre_parametro`, `simbologia`, `analito_formula_peso`, `carga`, `id_cateria`) VALUES (88, N'Dureza Total', N'Hard_Total', NULL, NULL, 1);
INSERT INTO `watermanagement_db`.`tbl_parametro_analisis` (`id_parametro`, `nombre_parametro`, `simbologia`, `analito_formula_peso`, `carga`, `id_cateria`) VALUES (89, N'Elevación de agua', N'W_Elev', NULL, NULL, 0);
INSERT INTO `watermanagement_db`.`tbl_parametro_analisis` (`id_parametro`, `nombre_parametro`, `simbologia`, `analito_formula_peso`, `carga`, `id_cateria`) VALUES (90, N'Endosulfan I', N'Endosulfan I', NULL, NULL, 11);
INSERT INTO `watermanagement_db`.`tbl_parametro_analisis` (`id_parametro`, `nombre_parametro`, `simbologia`, `analito_formula_peso`, `carga`, `id_cateria`) VALUES (91, N'Endosulfan II', N'Endosulfan II', NULL, NULL, 11);
INSERT INTO `watermanagement_db`.`tbl_parametro_analisis` (`id_parametro`, `nombre_parametro`, `simbologia`, `analito_formula_peso`, `carga`, `id_cateria`) VALUES (92, N'Endosulfan Sulfato', N'Endosulfan Sulfato', NULL, NULL, 11);
INSERT INTO `watermanagement_db`.`tbl_parametro_analisis` (`id_parametro`, `nombre_parametro`, `simbologia`, `analito_formula_peso`, `carga`, `id_cateria`) VALUES (93, N'Endrin', N'Endrin', NULL, NULL, 11);
INSERT INTO `watermanagement_db`.`tbl_parametro_analisis` (`id_parametro`, `nombre_parametro`, `simbologia`, `analito_formula_peso`, `carga`, `id_cateria`) VALUES (94, N'Endrin Aldehido', N'Endrin Aldehido', NULL, NULL, 12);
INSERT INTO `watermanagement_db`.`tbl_parametro_analisis` (`id_parametro`, `nombre_parametro`, `simbologia`, `analito_formula_peso`, `carga`, `id_cateria`) VALUES (95, N'Endrin Cetona', N'Endrin Cetona', NULL, NULL, 12);
INSERT INTO `watermanagement_db`.`tbl_parametro_analisis` (`id_parametro`, `nombre_parametro`, `simbologia`, `analito_formula_peso`, `carga`, `id_cateria`) VALUES (96, N'Enterococos', N'Enterococos', NULL, NULL, 8);
INSERT INTO `watermanagement_db`.`tbl_parametro_analisis` (`id_parametro`, `nombre_parametro`, `simbologia`, `analito_formula_peso`, `carga`, `id_cateria`) VALUES (97, N'Escherichia coli', N'E_Coli', NULL, NULL, 8);
INSERT INTO `watermanagement_db`.`tbl_parametro_analisis` (`id_parametro`, `nombre_parametro`, `simbologia`, `analito_formula_peso`, `carga`, `id_cateria`) VALUES (98, N'Estaño (disuelto)', N'Sn_F', NULL, NULL, 6);
INSERT INTO `watermanagement_db`.`tbl_parametro_analisis` (`id_parametro`, `nombre_parametro`, `simbologia`, `analito_formula_peso`, `carga`, `id_cateria`) VALUES (99, N'Estaño (total)', N'Sn_T', NULL, NULL, 7);
INSERT INTO `watermanagement_db`.`tbl_parametro_analisis` (`id_parametro`, `nombre_parametro`, `simbologia`, `analito_formula_peso`, `carga`, `id_cateria`) VALUES (100, N'Estroncio (disuelto)', N'Sr_F', NULL, NULL, 6);
INSERT INTO `watermanagement_db`.`tbl_parametro_analisis` (`id_parametro`, `nombre_parametro`, `simbologia`, `analito_formula_peso`, `carga`, `id_cateria`) VALUES (101, N'Estroncio (total)', N'Sr_T', NULL, NULL, 7);
INSERT INTO `watermanagement_db`.`tbl_parametro_analisis` (`id_parametro`, `nombre_parametro`, `simbologia`, `analito_formula_peso`, `carga`, `id_cateria`) VALUES (102, N'Etilbenceno', N'Etil_C6H6', NULL, NULL, 9);
INSERT INTO `watermanagement_db`.`tbl_parametro_analisis` (`id_parametro`, `nombre_parametro`, `simbologia`, `analito_formula_peso`, `carga`, `id_cateria`) VALUES (103, N'Famfur', N'Famfur', NULL, NULL, 12);
INSERT INTO `watermanagement_db`.`tbl_parametro_analisis` (`id_parametro`, `nombre_parametro`, `simbologia`, `analito_formula_peso`, `carga`, `id_cateria`) VALUES (104, N'Fenoles', N'Phenols', NULL, NULL, 3);
INSERT INTO `watermanagement_db`.`tbl_parametro_analisis` (`id_parametro`, `nombre_parametro`, `simbologia`, `analito_formula_peso`, `carga`, `id_cateria`) VALUES (105, N'Fluorantreno', N'Fluorantreno', NULL, NULL, 12);
INSERT INTO `watermanagement_db`.`tbl_parametro_analisis` (`id_parametro`, `nombre_parametro`, `simbologia`, `analito_formula_peso`, `carga`, `id_cateria`) VALUES (106, N'Fluoreno', N'Fluoreno', NULL, NULL, 12);
INSERT INTO `watermanagement_db`.`tbl_parametro_analisis` (`id_parametro`, `nombre_parametro`, `simbologia`, `analito_formula_peso`, `carga`, `id_cateria`) VALUES (107, N'Fluoruro', N'F', 18.9984, 1, 2);
INSERT INTO `watermanagement_db`.`tbl_parametro_analisis` (`id_parametro`, `nombre_parametro`, `simbologia`, `analito_formula_peso`, `carga`, `id_cateria`) VALUES (108, N'Forato', N'Forato', NULL, NULL, 11);
INSERT INTO `watermanagement_db`.`tbl_parametro_analisis` (`id_parametro`, `nombre_parametro`, `simbologia`, `analito_formula_peso`, `carga`, `id_cateria`) VALUES (109, N'Formas Parasitarias', N'Formas Parasitarias', NULL, NULL, 8);
INSERT INTO `watermanagement_db`.`tbl_parametro_analisis` (`id_parametro`, `nombre_parametro`, `simbologia`, `analito_formula_peso`, `carga`, `id_cateria`) VALUES (110, N'Fosfato', N'PO4', NULL, NULL, 4);
INSERT INTO `watermanagement_db`.`tbl_parametro_analisis` (`id_parametro`, `nombre_parametro`, `simbologia`, `analito_formula_peso`, `carga`, `id_cateria`) VALUES (111, N'Fosfato como P', N'PO4_P', NULL, NULL, 4);
INSERT INTO `watermanagement_db`.`tbl_parametro_analisis` (`id_parametro`, `nombre_parametro`, `simbologia`, `analito_formula_peso`, `carga`, `id_cateria`) VALUES (112, N'Fosfatos (Ortofosfato)', N'PO4 (Ortofosfato)', NULL, NULL, 15);
INSERT INTO `watermanagement_db`.`tbl_parametro_analisis` (`id_parametro`, `nombre_parametro`, `simbologia`, `analito_formula_peso`, `carga`, `id_cateria`) VALUES (113, N'Fósforo (disuelto)', N'P_F', NULL, NULL, 6);
INSERT INTO `watermanagement_db`.`tbl_parametro_analisis` (`id_parametro`, `nombre_parametro`, `simbologia`, `analito_formula_peso`, `carga`, `id_cateria`) VALUES (114, N'Fósforo (total)', N'P_T', NULL, NULL, 7);
INSERT INTO `watermanagement_db`.`tbl_parametro_analisis` (`id_parametro`, `nombre_parametro`, `simbologia`, `analito_formula_peso`, `carga`, `id_cateria`) VALUES (115, N'Fósforo Reactivo Disuelto', N'DRP_F', NULL, NULL, 4);
INSERT INTO `watermanagement_db`.`tbl_parametro_analisis` (`id_parametro`, `nombre_parametro`, `simbologia`, `analito_formula_peso`, `carga`, `id_cateria`) VALUES (116, N'Fósforo Total (Organico e Inorganico)', N'P_T (Organico e Inorganico)', NULL, NULL, 15);
INSERT INTO `watermanagement_db`.`tbl_parametro_analisis` (`id_parametro`, `nombre_parametro`, `simbologia`, `analito_formula_peso`, `carga`, `id_cateria`) VALUES (117, N'Fósforo Total (total)', N'P_Total_T', NULL, NULL, 4);
INSERT INTO `watermanagement_db`.`tbl_parametro_analisis` (`id_parametro`, `nombre_parametro`, `simbologia`, `analito_formula_peso`, `carga`, `id_cateria`) VALUES (118, N'Galio (disuelto)', N'Ga_F', NULL, NULL, 6);
INSERT INTO `watermanagement_db`.`tbl_parametro_analisis` (`id_parametro`, `nombre_parametro`, `simbologia`, `analito_formula_peso`, `carga`, `id_cateria`) VALUES (119, N'Galio (total)', N'Ga_T', NULL, NULL, 7);
INSERT INTO `watermanagement_db`.`tbl_parametro_analisis` (`id_parametro`, `nombre_parametro`, `simbologia`, `analito_formula_peso`, `carga`, `id_cateria`) VALUES (120, N'Germanio (disuelto)', N'Ge_F', NULL, NULL, 6);
INSERT INTO `watermanagement_db`.`tbl_parametro_analisis` (`id_parametro`, `nombre_parametro`, `simbologia`, `analito_formula_peso`, `carga`, `id_cateria`) VALUES (121, N'Germanio (total)', N'Ge_T', NULL, NULL, 7);
INSERT INTO `watermanagement_db`.`tbl_parametro_analisis` (`id_parametro`, `nombre_parametro`, `simbologia`, `analito_formula_peso`, `carga`, `id_cateria`) VALUES (122, N'Giardia duodenalis', N'Giardia duodenalis', NULL, NULL, 8);
INSERT INTO `watermanagement_db`.`tbl_parametro_analisis` (`id_parametro`, `nombre_parametro`, `simbologia`, `analito_formula_peso`, `carga`, `id_cateria`) VALUES (123, N'Hafnio (disuelto)', N'Hf_F', NULL, NULL, 6);
INSERT INTO `watermanagement_db`.`tbl_parametro_analisis` (`id_parametro`, `nombre_parametro`, `simbologia`, `analito_formula_peso`, `carga`, `id_cateria`) VALUES (124, N'Hafnio (total)', N'Hf_T', NULL, NULL, 7);
INSERT INTO `watermanagement_db`.`tbl_parametro_analisis` (`id_parametro`, `nombre_parametro`, `simbologia`, `analito_formula_peso`, `carga`, `id_cateria`) VALUES (125, N'Heptacloro', N'Heptacloro', NULL, NULL, 11);
INSERT INTO `watermanagement_db`.`tbl_parametro_analisis` (`id_parametro`, `nombre_parametro`, `simbologia`, `analito_formula_peso`, `carga`, `id_cateria`) VALUES (126, N'Heptacloro Epóxido', N'Heptacloro Epóxido', NULL, NULL, 11);
INSERT INTO `watermanagement_db`.`tbl_parametro_analisis` (`id_parametro`, `nombre_parametro`, `simbologia`, `analito_formula_peso`, `carga`, `id_cateria`) VALUES (127, N'Hexaclorobutadieno', N'Hexaclorobutadieno', NULL, NULL, 12);
INSERT INTO `watermanagement_db`.`tbl_parametro_analisis` (`id_parametro`, `nombre_parametro`, `simbologia`, `analito_formula_peso`, `carga`, `id_cateria`) VALUES (128, N'Hidrocarburo Totales de Petroleo', N'TPH', NULL, NULL, 14);
INSERT INTO `watermanagement_db`.`tbl_parametro_analisis` (`id_parametro`, `nombre_parametro`, `simbologia`, `analito_formula_peso`, `carga`, `id_cateria`) VALUES (129, N'Hidrocarburo Totales de Petroleo C09 a C18', N'TPH_C09_C18', NULL, NULL, 14);
INSERT INTO `watermanagement_db`.`tbl_parametro_analisis` (`id_parametro`, `nombre_parametro`, `simbologia`, `analito_formula_peso`, `carga`, `id_cateria`) VALUES (130, N'Hidrocarburo Totales de Petroleo C09 a C28', N'TPH_C9_C28', NULL, NULL, 14);
INSERT INTO `watermanagement_db`.`tbl_parametro_analisis` (`id_parametro`, `nombre_parametro`, `simbologia`, `analito_formula_peso`, `carga`, `id_cateria`) VALUES (131, N'Hidrocarburo Totales de Petroleo C09 a C40', N'TPH_C9_C40', NULL, NULL, 14);
INSERT INTO `watermanagement_db`.`tbl_parametro_analisis` (`id_parametro`, `nombre_parametro`, `simbologia`, `analito_formula_peso`, `carga`, `id_cateria`) VALUES (132, N'Hidrocarburo Totales de Petroleo C10 a C18', N'TPH_C10_C18', NULL, NULL, 14);
INSERT INTO `watermanagement_db`.`tbl_parametro_analisis` (`id_parametro`, `nombre_parametro`, `simbologia`, `analito_formula_peso`, `carga`, `id_cateria`) VALUES (133, N'Hidrocarburo Totales de Petroleo C10 a C28', N'TPH_C10_C28', NULL, NULL, 14);
INSERT INTO `watermanagement_db`.`tbl_parametro_analisis` (`id_parametro`, `nombre_parametro`, `simbologia`, `analito_formula_peso`, `carga`, `id_cateria`) VALUES (134, N'Hidrocarburo Totales de Petroleo C10 a C32', N'TPH_C10_C32', NULL, NULL, 14);
INSERT INTO `watermanagement_db`.`tbl_parametro_analisis` (`id_parametro`, `nombre_parametro`, `simbologia`, `analito_formula_peso`, `carga`, `id_cateria`) VALUES (135, N'Hidrocarburo Totales de Petroleo C10 a C40', N'TPH_C10_C40', NULL, NULL, 14);
INSERT INTO `watermanagement_db`.`tbl_parametro_analisis` (`id_parametro`, `nombre_parametro`, `simbologia`, `analito_formula_peso`, `carga`, `id_cateria`) VALUES (136, N'Hierro (disuelto)', N'Fe_F', 55.85, 2, 6);
INSERT INTO `watermanagement_db`.`tbl_parametro_analisis` (`id_parametro`, `nombre_parametro`, `simbologia`, `analito_formula_peso`, `carga`, `id_cateria`) VALUES (137, N'Hierro (total)', N'Fe_T', NULL, NULL, 7);
INSERT INTO `watermanagement_db`.`tbl_parametro_analisis` (`id_parametro`, `nombre_parametro`, `simbologia`, `analito_formula_peso`, `carga`, `id_cateria`) VALUES (138, N'Huevos de Helminto', N'Huevos_Helminto', NULL, NULL, 8);
INSERT INTO `watermanagement_db`.`tbl_parametro_analisis` (`id_parametro`, `nombre_parametro`, `simbologia`, `analito_formula_peso`, `carga`, `id_cateria`) VALUES (139, N'Hydroxide_as_CaCO3', N'Hydroxide_as_CaCO3', NULL, NULL, 12);
INSERT INTO `watermanagement_db`.`tbl_parametro_analisis` (`id_parametro`, `nombre_parametro`, `simbologia`, `analito_formula_peso`, `carga`, `id_cateria`) VALUES (140, N'Indeno(123-CD)pireno', N'Indeno(123-CD)pireno', NULL, NULL, 12);
INSERT INTO `watermanagement_db`.`tbl_parametro_analisis` (`id_parametro`, `nombre_parametro`, `simbologia`, `analito_formula_peso`, `carga`, `id_cateria`) VALUES (141, N'Iterbio (disuelto)', N'Yb_F', NULL, NULL, 6);
INSERT INTO `watermanagement_db`.`tbl_parametro_analisis` (`id_parametro`, `nombre_parametro`, `simbologia`, `analito_formula_peso`, `carga`, `id_cateria`) VALUES (142, N'Iterbio (total)', N'Yb_T', NULL, NULL, 7);
INSERT INTO `watermanagement_db`.`tbl_parametro_analisis` (`id_parametro`, `nombre_parametro`, `simbologia`, `analito_formula_peso`, `carga`, `id_cateria`) VALUES (143, N'Lantano (disuelto)', N'La_F', NULL, NULL, 6);
INSERT INTO `watermanagement_db`.`tbl_parametro_analisis` (`id_parametro`, `nombre_parametro`, `simbologia`, `analito_formula_peso`, `carga`, `id_cateria`) VALUES (144, N'Lantano (total)', N'La_T', NULL, NULL, 7);
INSERT INTO `watermanagement_db`.`tbl_parametro_analisis` (`id_parametro`, `nombre_parametro`, `simbologia`, `analito_formula_peso`, `carga`, `id_cateria`) VALUES (145, N'Lindano', N'Lindano', NULL, NULL, 11);
INSERT INTO `watermanagement_db`.`tbl_parametro_analisis` (`id_parametro`, `nombre_parametro`, `simbologia`, `analito_formula_peso`, `carga`, `id_cateria`) VALUES (146, N'Litio (disuelto)', N'Li_F', NULL, NULL, 6);
INSERT INTO `watermanagement_db`.`tbl_parametro_analisis` (`id_parametro`, `nombre_parametro`, `simbologia`, `analito_formula_peso`, `carga`, `id_cateria`) VALUES (147, N'Litio (total)', N'Li_T', NULL, NULL, 7);
INSERT INTO `watermanagement_db`.`tbl_parametro_analisis` (`id_parametro`, `nombre_parametro`, `simbologia`, `analito_formula_peso`, `carga`, `id_cateria`) VALUES (148, N'Lutecio (disuelto)', N'Lu_F', NULL, NULL, 6);
INSERT INTO `watermanagement_db`.`tbl_parametro_analisis` (`id_parametro`, `nombre_parametro`, `simbologia`, `analito_formula_peso`, `carga`, `id_cateria`) VALUES (149, N'Lutecio (total)', N'Lu_T', NULL, NULL, 7);
INSERT INTO `watermanagement_db`.`tbl_parametro_analisis` (`id_parametro`, `nombre_parametro`, `simbologia`, `analito_formula_peso`, `carga`, `id_cateria`) VALUES (150, N'Magnesio (disuelto)', N'Mg_F', 24.31, 2, 6);
INSERT INTO `watermanagement_db`.`tbl_parametro_analisis` (`id_parametro`, `nombre_parametro`, `simbologia`, `analito_formula_peso`, `carga`, `id_cateria`) VALUES (151, N'Magnesio (total)', N'Mg_T', NULL, NULL, 7);
INSERT INTO `watermanagement_db`.`tbl_parametro_analisis` (`id_parametro`, `nombre_parametro`, `simbologia`, `analito_formula_peso`, `carga`, `id_cateria`) VALUES (152, N'Malation', N'Malation', NULL, NULL, 11);
INSERT INTO `watermanagement_db`.`tbl_parametro_analisis` (`id_parametro`, `nombre_parametro`, `simbologia`, `analito_formula_peso`, `carga`, `id_cateria`) VALUES (153, N'Manganeso (disuelto)', N'Mn_F', 54.938, 2, 6);
INSERT INTO `watermanagement_db`.`tbl_parametro_analisis` (`id_parametro`, `nombre_parametro`, `simbologia`, `analito_formula_peso`, `carga`, `id_cateria`) VALUES (154, N'Manganeso (total)', N'Mn_T', NULL, NULL, 7);
INSERT INTO `watermanagement_db`.`tbl_parametro_analisis` (`id_parametro`, `nombre_parametro`, `simbologia`, `analito_formula_peso`, `carga`, `id_cateria`) VALUES (155, N'Mercurio (disuelto)', N'Hg_F', NULL, NULL, 6);
INSERT INTO `watermanagement_db`.`tbl_parametro_analisis` (`id_parametro`, `nombre_parametro`, `simbologia`, `analito_formula_peso`, `carga`, `id_cateria`) VALUES (156, N'Mercurio (total)', N'Hg_T', NULL, NULL, 7);
INSERT INTO `watermanagement_db`.`tbl_parametro_analisis` (`id_parametro`, `nombre_parametro`, `simbologia`, `analito_formula_peso`, `carga`, `id_cateria`) VALUES (157, N'Metamidofós', N'Metamidofós', NULL, NULL, 12);
INSERT INTO `watermanagement_db`.`tbl_parametro_analisis` (`id_parametro`, `nombre_parametro`, `simbologia`, `analito_formula_peso`, `carga`, `id_cateria`) VALUES (158, N'Metil Paratión', N'Metil Paratión', NULL, NULL, 12);
INSERT INTO `watermanagement_db`.`tbl_parametro_analisis` (`id_parametro`, `nombre_parametro`, `simbologia`, `analito_formula_peso`, `carga`, `id_cateria`) VALUES (159, N'Metoxicloro', N'Metoxicloro', NULL, NULL, 11);
INSERT INTO `watermanagement_db`.`tbl_parametro_analisis` (`id_parametro`, `nombre_parametro`, `simbologia`, `analito_formula_peso`, `carga`, `id_cateria`) VALUES (160, N'Molibdeno (disuelto)', N'Mo_F', NULL, NULL, 6);
INSERT INTO `watermanagement_db`.`tbl_parametro_analisis` (`id_parametro`, `nombre_parametro`, `simbologia`, `analito_formula_peso`, `carga`, `id_cateria`) VALUES (161, N'Molibdeno (total)', N'Mo_T', NULL, NULL, 7);
INSERT INTO `watermanagement_db`.`tbl_parametro_analisis` (`id_parametro`, `nombre_parametro`, `simbologia`, `analito_formula_peso`, `carga`, `id_cateria`) VALUES (162, N'Naftaleno', N'Naftaleno', NULL, NULL, 12);
INSERT INTO `watermanagement_db`.`tbl_parametro_analisis` (`id_parametro`, `nombre_parametro`, `simbologia`, `analito_formula_peso`, `carga`, `id_cateria`) VALUES (163, N'N-Amonia', N'N-Amonia', NULL, NULL, 4);
INSERT INTO `watermanagement_db`.`tbl_parametro_analisis` (`id_parametro`, `nombre_parametro`, `simbologia`, `analito_formula_peso`, `carga`, `id_cateria`) VALUES (164, N'Niobio (disuelto)', N'Nb_F', NULL, NULL, 6);
INSERT INTO `watermanagement_db`.`tbl_parametro_analisis` (`id_parametro`, `nombre_parametro`, `simbologia`, `analito_formula_peso`, `carga`, `id_cateria`) VALUES (165, N'Niobio (total)', N'Nb_T', NULL, NULL, 7);
INSERT INTO `watermanagement_db`.`tbl_parametro_analisis` (`id_parametro`, `nombre_parametro`, `simbologia`, `analito_formula_peso`, `carga`, `id_cateria`) VALUES (166, N'Níquel (disuelto)', N'Ni_F', NULL, NULL, 6);
INSERT INTO `watermanagement_db`.`tbl_parametro_analisis` (`id_parametro`, `nombre_parametro`, `simbologia`, `analito_formula_peso`, `carga`, `id_cateria`) VALUES (167, N'Níquel (total)', N'Ni_T', NULL, NULL, 7);
INSERT INTO `watermanagement_db`.`tbl_parametro_analisis` (`id_parametro`, `nombre_parametro`, `simbologia`, `analito_formula_peso`, `carga`, `id_cateria`) VALUES (168, N'Nitrato como N', N'NO3_N', 62.004, 1, 2);
INSERT INTO `watermanagement_db`.`tbl_parametro_analisis` (`id_parametro`, `nombre_parametro`, `simbologia`, `analito_formula_peso`, `carga`, `id_cateria`) VALUES (169, N'Nitrito como N', N'NO2_N', NULL, NULL, 2);
INSERT INTO `watermanagement_db`.`tbl_parametro_analisis` (`id_parametro`, `nombre_parametro`, `simbologia`, `analito_formula_peso`, `carga`, `id_cateria`) VALUES (170, N'Nitrógeno Amoniacal', N'N_NH4_N_NH3', NULL, NULL, 4);
INSERT INTO `watermanagement_db`.`tbl_parametro_analisis` (`id_parametro`, `nombre_parametro`, `simbologia`, `analito_formula_peso`, `carga`, `id_cateria`) VALUES (171, N'Nitrógeno Nitrato Nitrito', N'N_NO3_NO2', NULL, NULL, 4);
INSERT INTO `watermanagement_db`.`tbl_parametro_analisis` (`id_parametro`, `nombre_parametro`, `simbologia`, `analito_formula_peso`, `carga`, `id_cateria`) VALUES (172, N'Nitrógeno Total', N'N_T', NULL, NULL, 4);
INSERT INTO `watermanagement_db`.`tbl_parametro_analisis` (`id_parametro`, `nombre_parametro`, `simbologia`, `analito_formula_peso`, `carga`, `id_cateria`) VALUES (173, N'Nitrógeno Total Kjeldahl', N'N_TKN', NULL, NULL, 4);
INSERT INTO `watermanagement_db`.`tbl_parametro_analisis` (`id_parametro`, `nombre_parametro`, `simbologia`, `analito_formula_peso`, `carga`, `id_cateria`) VALUES (174, N'Oxígeno Disuelto de Campo', N'DO_Field', NULL, NULL, 0);
INSERT INTO `watermanagement_db`.`tbl_parametro_analisis` (`id_parametro`, `nombre_parametro`, `simbologia`, `analito_formula_peso`, `carga`, `id_cateria`) VALUES (175, N'Oxígeno Disuelto de Laboratorio', N'DO_Lab', NULL, NULL, 1);
INSERT INTO `watermanagement_db`.`tbl_parametro_analisis` (`id_parametro`, `nombre_parametro`, `simbologia`, `analito_formula_peso`, `carga`, `id_cateria`) VALUES (176, N'Paration', N'Paration', NULL, NULL, 11);
INSERT INTO `watermanagement_db`.`tbl_parametro_analisis` (`id_parametro`, `nombre_parametro`, `simbologia`, `analito_formula_peso`, `carga`, `id_cateria`) VALUES (177, N'pH de Campo', N'pH_Field', NULL, NULL, 0);
INSERT INTO `watermanagement_db`.`tbl_parametro_analisis` (`id_parametro`, `nombre_parametro`, `simbologia`, `analito_formula_peso`, `carga`, `id_cateria`) VALUES (178, N'pH de Laboratorio', N'pH_Lab', NULL, NULL, 1);
INSERT INTO `watermanagement_db`.`tbl_parametro_analisis` (`id_parametro`, `nombre_parametro`, `simbologia`, `analito_formula_peso`, `carga`, `id_cateria`) VALUES (179, N'Pireno', N'Pireno', NULL, NULL, 12);
INSERT INTO `watermanagement_db`.`tbl_parametro_analisis` (`id_parametro`, `nombre_parametro`, `simbologia`, `analito_formula_peso`, `carga`, `id_cateria`) VALUES (180, N'Plata (disuelto)', N'Ag_F', NULL, NULL, 6);
INSERT INTO `watermanagement_db`.`tbl_parametro_analisis` (`id_parametro`, `nombre_parametro`, `simbologia`, `analito_formula_peso`, `carga`, `id_cateria`) VALUES (181, N'Plata (total)', N'Ag_T', NULL, NULL, 7);
INSERT INTO `watermanagement_db`.`tbl_parametro_analisis` (`id_parametro`, `nombre_parametro`, `simbologia`, `analito_formula_peso`, `carga`, `id_cateria`) VALUES (182, N'Plomo (disuelto)', N'Pb_F', NULL, NULL, 6);
INSERT INTO `watermanagement_db`.`tbl_parametro_analisis` (`id_parametro`, `nombre_parametro`, `simbologia`, `analito_formula_peso`, `carga`, `id_cateria`) VALUES (183, N'Plomo (total)', N'Pb_T', NULL, NULL, 7);
INSERT INTO `watermanagement_db`.`tbl_parametro_analisis` (`id_parametro`, `nombre_parametro`, `simbologia`, `analito_formula_peso`, `carga`, `id_cateria`) VALUES (184, N'Potasio (disuelto)', N'K_F', 39.098, 1, 6);
INSERT INTO `watermanagement_db`.`tbl_parametro_analisis` (`id_parametro`, `nombre_parametro`, `simbologia`, `analito_formula_peso`, `carga`, `id_cateria`) VALUES (185, N'Potasio (total)', N'K_T', NULL, NULL, 7);
INSERT INTO `watermanagement_db`.`tbl_parametro_analisis` (`id_parametro`, `nombre_parametro`, `simbologia`, `analito_formula_peso`, `carga`, `id_cateria`) VALUES (186, N'Potencial Redox ORP de Campo', N'ORP_Field', NULL, NULL, 0);
INSERT INTO `watermanagement_db`.`tbl_parametro_analisis` (`id_parametro`, `nombre_parametro`, `simbologia`, `analito_formula_peso`, `carga`, `id_cateria`) VALUES (187, N'Potencial Redox-Eh de Campo', N'Eh_Field', NULL, NULL, 0);
INSERT INTO `watermanagement_db`.`tbl_parametro_analisis` (`id_parametro`, `nombre_parametro`, `simbologia`, `analito_formula_peso`, `carga`, `id_cateria`) VALUES (188, N'Profundidad de agua', N'W_Depth', NULL, NULL, 0);
INSERT INTO `watermanagement_db`.`tbl_parametro_analisis` (`id_parametro`, `nombre_parametro`, `simbologia`, `analito_formula_peso`, `carga`, `id_cateria`) VALUES (189, N'Rubidio (disuelto)', N'Rb_F', NULL, NULL, 6);
INSERT INTO `watermanagement_db`.`tbl_parametro_analisis` (`id_parametro`, `nombre_parametro`, `simbologia`, `analito_formula_peso`, `carga`, `id_cateria`) VALUES (190, N'Rubidio (total)', N'Rb_T', NULL, NULL, 7);
INSERT INTO `watermanagement_db`.`tbl_parametro_analisis` (`id_parametro`, `nombre_parametro`, `simbologia`, `analito_formula_peso`, `carga`, `id_cateria`) VALUES (191, N'Salmonella', N'Salmonella', NULL, NULL, 8);
INSERT INTO `watermanagement_db`.`tbl_parametro_analisis` (`id_parametro`, `nombre_parametro`, `simbologia`, `analito_formula_peso`, `carga`, `id_cateria`) VALUES (192, N'Selenio (disuelto)', N'Se_F', NULL, NULL, 6);
INSERT INTO `watermanagement_db`.`tbl_parametro_analisis` (`id_parametro`, `nombre_parametro`, `simbologia`, `analito_formula_peso`, `carga`, `id_cateria`) VALUES (193, N'Selenio (total)', N'Se_T', NULL, NULL, 7);
INSERT INTO `watermanagement_db`.`tbl_parametro_analisis` (`id_parametro`, `nombre_parametro`, `simbologia`, `analito_formula_peso`, `carga`, `id_cateria`) VALUES (194, N'Silicatos como SiO2', N'Silicate_SiO2', NULL, NULL, 10);
INSERT INTO `watermanagement_db`.`tbl_parametro_analisis` (`id_parametro`, `nombre_parametro`, `simbologia`, `analito_formula_peso`, `carga`, `id_cateria`) VALUES (195, N'Silicatos como SiO2 Total', N'Silicate_SiO2_T', NULL, NULL, 10);
INSERT INTO `watermanagement_db`.`tbl_parametro_analisis` (`id_parametro`, `nombre_parametro`, `simbologia`, `analito_formula_peso`, `carga`, `id_cateria`) VALUES (196, N'Silicatos como SiO3', N'Silicate_SiO3', NULL, NULL, 10);
INSERT INTO `watermanagement_db`.`tbl_parametro_analisis` (`id_parametro`, `nombre_parametro`, `simbologia`, `analito_formula_peso`, `carga`, `id_cateria`) VALUES (197, N'Silice (disuelto)', N'SiO2_F', NULL, NULL, 6);
INSERT INTO `watermanagement_db`.`tbl_parametro_analisis` (`id_parametro`, `nombre_parametro`, `simbologia`, `analito_formula_peso`, `carga`, `id_cateria`) VALUES (198, N'Silice (total)', N'SiO2_T', NULL, NULL, 7);
INSERT INTO `watermanagement_db`.`tbl_parametro_analisis` (`id_parametro`, `nombre_parametro`, `simbologia`, `analito_formula_peso`, `carga`, `id_cateria`) VALUES (199, N'Silicio (disuelto)', N'Si_F', NULL, NULL, 6);
INSERT INTO `watermanagement_db`.`tbl_parametro_analisis` (`id_parametro`, `nombre_parametro`, `simbologia`, `analito_formula_peso`, `carga`, `id_cateria`) VALUES (200, N'Silicio (total)', N'Si_T', NULL, NULL, 7);
INSERT INTO `watermanagement_db`.`tbl_parametro_analisis` (`id_parametro`, `nombre_parametro`, `simbologia`, `analito_formula_peso`, `carga`, `id_cateria`) VALUES (201, N'Sodio (disuelto)', N'Na_F', 22.9898, 1, 6);
INSERT INTO `watermanagement_db`.`tbl_parametro_analisis` (`id_parametro`, `nombre_parametro`, `simbologia`, `analito_formula_peso`, `carga`, `id_cateria`) VALUES (202, N'Sodio (total)', N'Na_T', NULL, NULL, 7);
INSERT INTO `watermanagement_db`.`tbl_parametro_analisis` (`id_parametro`, `nombre_parametro`, `simbologia`, `analito_formula_peso`, `carga`, `id_cateria`) VALUES (203, N'Sólidos Totales Disueltos', N'TDS', NULL, NULL, 1);
INSERT INTO `watermanagement_db`.`tbl_parametro_analisis` (`id_parametro`, `nombre_parametro`, `simbologia`, `analito_formula_peso`, `carga`, `id_cateria`) VALUES (204, N'Sólidos Totales Disueltos de campo', N'TDS_Field', NULL, NULL, 0);
INSERT INTO `watermanagement_db`.`tbl_parametro_analisis` (`id_parametro`, `nombre_parametro`, `simbologia`, `analito_formula_peso`, `carga`, `id_cateria`) VALUES (205, N'Sólidos Totales Suspendidos', N'TSS', NULL, NULL, 1);
INSERT INTO `watermanagement_db`.`tbl_parametro_analisis` (`id_parametro`, `nombre_parametro`, `simbologia`, `analito_formula_peso`, `carga`, `id_cateria`) VALUES (206, N'Sulfato', N'SO4', 96.06, 2, 2);
INSERT INTO `watermanagement_db`.`tbl_parametro_analisis` (`id_parametro`, `nombre_parametro`, `simbologia`, `analito_formula_peso`, `carga`, `id_cateria`) VALUES (207, N'Sulfotep', N'Sulfotep', NULL, NULL, 12);
INSERT INTO `watermanagement_db`.`tbl_parametro_analisis` (`id_parametro`, `nombre_parametro`, `simbologia`, `analito_formula_peso`, `carga`, `id_cateria`) VALUES (208, N'Sulfuro de Hidrógeno', N'H2S', NULL, NULL, 4);
INSERT INTO `watermanagement_db`.`tbl_parametro_analisis` (`id_parametro`, `nombre_parametro`, `simbologia`, `analito_formula_peso`, `carga`, `id_cateria`) VALUES (209, N'Sulfuros', N'Sulfuros', NULL, NULL, 4);
INSERT INTO `watermanagement_db`.`tbl_parametro_analisis` (`id_parametro`, `nombre_parametro`, `simbologia`, `analito_formula_peso`, `carga`, `id_cateria`) VALUES (210, N'Talio (disuelto)', N'Tl_F', NULL, NULL, 6);
INSERT INTO `watermanagement_db`.`tbl_parametro_analisis` (`id_parametro`, `nombre_parametro`, `simbologia`, `analito_formula_peso`, `carga`, `id_cateria`) VALUES (211, N'Talio (total)', N'Tl_T', NULL, NULL, 7);
INSERT INTO `watermanagement_db`.`tbl_parametro_analisis` (`id_parametro`, `nombre_parametro`, `simbologia`, `analito_formula_peso`, `carga`, `id_cateria`) VALUES (212, N'Tantalio (disuelto)', N'Ta_F', NULL, NULL, 6);
INSERT INTO `watermanagement_db`.`tbl_parametro_analisis` (`id_parametro`, `nombre_parametro`, `simbologia`, `analito_formula_peso`, `carga`, `id_cateria`) VALUES (213, N'Tantalio (total)', N'Ta_T', NULL, NULL, 7);
INSERT INTO `watermanagement_db`.`tbl_parametro_analisis` (`id_parametro`, `nombre_parametro`, `simbologia`, `analito_formula_peso`, `carga`, `id_cateria`) VALUES (214, N'TDS_calculated', N'TDS_calculated', NULL, NULL, 1);
INSERT INTO `watermanagement_db`.`tbl_parametro_analisis` (`id_parametro`, `nombre_parametro`, `simbologia`, `analito_formula_peso`, `carga`, `id_cateria`) VALUES (215, N'TDS_ratio_measured/calculated', N'TDS_ratio_measured/calculated', NULL, NULL, 1);
INSERT INTO `watermanagement_db`.`tbl_parametro_analisis` (`id_parametro`, `nombre_parametro`, `simbologia`, `analito_formula_peso`, `carga`, `id_cateria`) VALUES (216, N'Telurio (disuelto)', N'Te_F', NULL, NULL, 6);
INSERT INTO `watermanagement_db`.`tbl_parametro_analisis` (`id_parametro`, `nombre_parametro`, `simbologia`, `analito_formula_peso`, `carga`, `id_cateria`) VALUES (217, N'Telurio (total)', N'Te_T', NULL, NULL, 7);
INSERT INTO `watermanagement_db`.`tbl_parametro_analisis` (`id_parametro`, `nombre_parametro`, `simbologia`, `analito_formula_peso`, `carga`, `id_cateria`) VALUES (218, N'Temperatura de Campo', N'Temp_Field', NULL, NULL, 0);
INSERT INTO `watermanagement_db`.`tbl_parametro_analisis` (`id_parametro`, `nombre_parametro`, `simbologia`, `analito_formula_peso`, `carga`, `id_cateria`) VALUES (219, N'Temperatura del aire', N'Temp_air', NULL, NULL, 0);
INSERT INTO `watermanagement_db`.`tbl_parametro_analisis` (`id_parametro`, `nombre_parametro`, `simbologia`, `analito_formula_peso`, `carga`, `id_cateria`) VALUES (220, N'Tetracloruro de Carbono', N'Tetracloruro de Carbono', NULL, NULL, 12);
INSERT INTO `watermanagement_db`.`tbl_parametro_analisis` (`id_parametro`, `nombre_parametro`, `simbologia`, `analito_formula_peso`, `carga`, `id_cateria`) VALUES (221, N'Thiocyanate_as_SCN', N'Thiocyanate_as_SCN', NULL, NULL, 12);
INSERT INTO `watermanagement_db`.`tbl_parametro_analisis` (`id_parametro`, `nombre_parametro`, `simbologia`, `analito_formula_peso`, `carga`, `id_cateria`) VALUES (222, N'Tionazin', N'Tionazin', NULL, NULL, 12);
INSERT INTO `watermanagement_db`.`tbl_parametro_analisis` (`id_parametro`, `nombre_parametro`, `simbologia`, `analito_formula_peso`, `carga`, `id_cateria`) VALUES (223, N'Titanio (disuelto)', N'Ti_F', NULL, NULL, 6);
INSERT INTO `watermanagement_db`.`tbl_parametro_analisis` (`id_parametro`, `nombre_parametro`, `simbologia`, `analito_formula_peso`, `carga`, `id_cateria`) VALUES (224, N'Titanio (total)', N'Ti_T', NULL, NULL, 7);
INSERT INTO `watermanagement_db`.`tbl_parametro_analisis` (`id_parametro`, `nombre_parametro`, `simbologia`, `analito_formula_peso`, `carga`, `id_cateria`) VALUES (225, N'Tolueno', N'Tolueno', NULL, NULL, 9);
INSERT INTO `watermanagement_db`.`tbl_parametro_analisis` (`id_parametro`, `nombre_parametro`, `simbologia`, `analito_formula_peso`, `carga`, `id_cateria`) VALUES (226, N'Torio (disuelto)', N'Th_F', NULL, NULL, 6);
INSERT INTO `watermanagement_db`.`tbl_parametro_analisis` (`id_parametro`, `nombre_parametro`, `simbologia`, `analito_formula_peso`, `carga`, `id_cateria`) VALUES (227, N'Torio (total)', N'Th_T', NULL, NULL, 7);
INSERT INTO `watermanagement_db`.`tbl_parametro_analisis` (`id_parametro`, `nombre_parametro`, `simbologia`, `analito_formula_peso`, `carga`, `id_cateria`) VALUES (228, N'Tungsteno (disuelto)', N'W_F', NULL, NULL, 6);
INSERT INTO `watermanagement_db`.`tbl_parametro_analisis` (`id_parametro`, `nombre_parametro`, `simbologia`, `analito_formula_peso`, `carga`, `id_cateria`) VALUES (229, N'Tungsteno (total)', N'W_T', NULL, NULL, 7);
INSERT INTO `watermanagement_db`.`tbl_parametro_analisis` (`id_parametro`, `nombre_parametro`, `simbologia`, `analito_formula_peso`, `carga`, `id_cateria`) VALUES (230, N'Turbiedad de Campo', N'Turb_Field', NULL, NULL, 0);
INSERT INTO `watermanagement_db`.`tbl_parametro_analisis` (`id_parametro`, `nombre_parametro`, `simbologia`, `analito_formula_peso`, `carga`, `id_cateria`) VALUES (231, N'Turbiedad de Laboratorio', N'Turb_Lab', NULL, NULL, 1);
INSERT INTO `watermanagement_db`.`tbl_parametro_analisis` (`id_parametro`, `nombre_parametro`, `simbologia`, `analito_formula_peso`, `carga`, `id_cateria`) VALUES (232, N'Uranio (disuelto)', N'U_F', NULL, NULL, 6);
INSERT INTO `watermanagement_db`.`tbl_parametro_analisis` (`id_parametro`, `nombre_parametro`, `simbologia`, `analito_formula_peso`, `carga`, `id_cateria`) VALUES (233, N'Uranio (total)', N'U_T', NULL, NULL, 7);
INSERT INTO `watermanagement_db`.`tbl_parametro_analisis` (`id_parametro`, `nombre_parametro`, `simbologia`, `analito_formula_peso`, `carga`, `id_cateria`) VALUES (234, N'Vanadio (disuelto)', N'V_F', NULL, NULL, 6);
INSERT INTO `watermanagement_db`.`tbl_parametro_analisis` (`id_parametro`, `nombre_parametro`, `simbologia`, `analito_formula_peso`, `carga`, `id_cateria`) VALUES (235, N'Vanadio (total)', N'V_T', NULL, NULL, 7);
INSERT INTO `watermanagement_db`.`tbl_parametro_analisis` (`id_parametro`, `nombre_parametro`, `simbologia`, `analito_formula_peso`, `carga`, `id_cateria`) VALUES (236, N'Vibrio Cholerae', N'Vibrio_Cholerae', NULL, NULL, 8);
INSERT INTO `watermanagement_db`.`tbl_parametro_analisis` (`id_parametro`, `nombre_parametro`, `simbologia`, `analito_formula_peso`, `carga`, `id_cateria`) VALUES (237, N'Xileno (m,p)', N'Xileno_m_p', NULL, NULL, 12);
INSERT INTO `watermanagement_db`.`tbl_parametro_analisis` (`id_parametro`, `nombre_parametro`, `simbologia`, `analito_formula_peso`, `carga`, `id_cateria`) VALUES (238, N'Xileno (o)', N'Xileno_o', NULL, NULL, 9);
INSERT INTO `watermanagement_db`.`tbl_parametro_analisis` (`id_parametro`, `nombre_parametro`, `simbologia`, `analito_formula_peso`, `carga`, `id_cateria`) VALUES (239, N'Zinc (disuelto)', N'Zn_F', 65.38, 2, 6);
INSERT INTO `watermanagement_db`.`tbl_parametro_analisis` (`id_parametro`, `nombre_parametro`, `simbologia`, `analito_formula_peso`, `carga`, `id_cateria`) VALUES (240, N'Zinc (total)', N'Zn_T', NULL, NULL, 7);

INSERT INTO `watermanagement_db`.`tbl_eca_parametro_limite` (`id_eca`, `id_parametro`, `id_unidad`, `limite_maximo`, `limite_minimo`,  `comentario`) VALUES (24, 1, 10, 0.2, NULL, NULL);
INSERT INTO `watermanagement_db`.`tbl_eca_parametro_limite` (`id_eca`, `id_parametro`, `id_unidad`, `limite_maximo`, `limite_minimo`, `comentario`) VALUES (24, 2, 10, 1, NULL, NULL);
INSERT INTO `watermanagement_db`.`tbl_eca_parametro_limite` (`id_eca`, `id_parametro`, `id_unidad`, `limite_maximo`, `limite_minimo`, `comentario`) VALUES (24, 3, 10, 0.03, NULL, NULL);
INSERT INTO `watermanagement_db`.`tbl_eca_parametro_limite` (`id_eca`, `id_parametro`, `id_unidad`, `limite_maximo`, `limite_minimo`, `comentario`) VALUES (24, 7, 10, 0.5, NULL, NULL);
INSERT INTO `watermanagement_db`.`tbl_eca_parametro_limite` (`id_eca`, `id_parametro`, `id_unidad`, `limite_maximo`, `limite_minimo`, `comentario`) VALUES (24, 18, 10, 0.9, NULL, NULL);
INSERT INTO `watermanagement_db`.`tbl_eca_parametro_limite` (`id_eca`, `id_parametro`, `id_unidad`, `limite_maximo`, `limite_minimo`, `comentario`) VALUES (24, 19, 10, 1.5, NULL, NULL);
INSERT INTO `watermanagement_db`.`tbl_eca_parametro_limite` (`id_eca`, `id_parametro`, `id_unidad`, `limite_maximo`, `limite_minimo`, `comentario`) VALUES (24, 21, 10, 0.02, NULL, NULL);
INSERT INTO `watermanagement_db`.`tbl_eca_parametro_limite` (`id_eca`, `id_parametro`, `id_unidad`, `limite_maximo`, `limite_minimo`, `comentario`) VALUES (24, 23, 10, 0.01, NULL, NULL);
INSERT INTO `watermanagement_db`.`tbl_eca_parametro_limite` (`id_eca`, `id_parametro`, `id_unidad`, `limite_maximo`, `limite_minimo`, `comentario`) VALUES (24, 25, 10, 0.7, NULL, NULL);
INSERT INTO `watermanagement_db`.`tbl_eca_parametro_limite` (`id_eca`, `id_parametro`, `id_unidad`, `limite_maximo`, `limite_minimo`, `comentario`) VALUES (24, 26, 10, 0.01, NULL, NULL);
INSERT INTO `watermanagement_db`.`tbl_eca_parametro_limite` (`id_eca`, `id_parametro`, `id_unidad`, `limite_maximo`, `limite_minimo`, `comentario`) VALUES (24, 28, 10, 0.0007, NULL, NULL);
INSERT INTO `watermanagement_db`.`tbl_eca_parametro_limite` (`id_eca`, `id_parametro`, `id_unidad`, `limite_maximo`, `limite_minimo`, `comentario`) VALUES (24, 32, 10, 0.012, NULL, NULL);
INSERT INTO `watermanagement_db`.`tbl_eca_parametro_limite` (`id_eca`, `id_parametro`, `id_unidad`, `limite_maximo`, `limite_minimo`, `comentario`) VALUES (24, 37, 10, 2.4, NULL, NULL);
INSERT INTO `watermanagement_db`.`tbl_eca_parametro_limite` (`id_eca`, `id_parametro`, `id_unidad`, `limite_maximo`, `limite_minimo`, `comentario`) VALUES (24, 38, 10, 0.06, NULL, NULL);
INSERT INTO `watermanagement_db`.`tbl_eca_parametro_limite` (`id_eca`, `id_parametro`, `id_unidad`, `limite_maximo`, `limite_minimo`, `comentario`) VALUES (24, 41, 10, 0.003, NULL, NULL);
INSERT INTO `watermanagement_db`.`tbl_eca_parametro_limite` (`id_eca`, `id_parametro`, `id_unidad`, `limite_maximo`, `limite_minimo`, `comentario`) VALUES (24, 50, 10, 0.005, NULL, NULL);
INSERT INTO `watermanagement_db`.`tbl_eca_parametro_limite` (`id_eca`, `id_parametro`, `id_unidad`, `limite_maximo`, `limite_minimo`, `comentario`) VALUES (24, 51, 10, 0.07, NULL, NULL);
INSERT INTO `watermanagement_db`.`tbl_eca_parametro_limite` (`id_eca`, `id_parametro`, `id_unidad`, `limite_maximo`, `limite_minimo`, `comentario`) VALUES (24, 52, 10, 0.08, NULL, NULL);
INSERT INTO `watermanagement_db`.`tbl_eca_parametro_limite` (`id_eca`, `id_parametro`, `id_unidad`, `limite_maximo`, `limite_minimo`, `comentario`) VALUES (24, 59, 10, 0.3, NULL, NULL);
INSERT INTO `watermanagement_db`.`tbl_eca_parametro_limite` (`id_eca`, `id_parametro`, `id_unidad`, `limite_maximo`, `limite_minimo`, `comentario`) VALUES (24, 60, 10, 250, NULL, NULL);
INSERT INTO `watermanagement_db`.`tbl_eca_parametro_limite` (`id_eca`, `id_parametro`, `id_unidad`, `limite_maximo`, `limite_minimo`, `comentario`) VALUES (24, 64, 10, 2, NULL, NULL);
INSERT INTO `watermanagement_db`.`tbl_eca_parametro_limite` (`id_eca`, `id_parametro`, `id_unidad`, `limite_maximo`, `limite_minimo`, `comentario`) VALUES (24, 65, 5, 20, NULL, NULL);
INSERT INTO `watermanagement_db`.`tbl_eca_parametro_limite` (`id_eca`, `id_parametro`, `id_unidad`, `limite_maximo`, `limite_minimo`, `comentario`) VALUES (24, 66, 5, 50, NULL, NULL);
INSERT INTO `watermanagement_db`.`tbl_eca_parametro_limite` (`id_eca`, `id_parametro`, `id_unidad`, `limite_maximo`, `limite_minimo`, `comentario`) VALUES (24, 67, 7, 15, NULL, NULL);
INSERT INTO `watermanagement_db`.`tbl_eca_parametro_limite` (`id_eca`, `id_parametro`, `id_unidad`, `limite_maximo`, `limite_minimo`, `comentario`) VALUES (24, 68, 8, 1500, NULL, NULL);
INSERT INTO `watermanagement_db`.`tbl_eca_parametro_limite` (`id_eca`, `id_parametro`, `id_unidad`, `limite_maximo`, `limite_minimo`, `comentario`) VALUES (24, 69, 8, 1500, NULL, NULL);
INSERT INTO `watermanagement_db`.`tbl_eca_parametro_limite` (`id_eca`, `id_parametro`, `id_unidad`, `limite_maximo`, `limite_minimo`, `comentario`) VALUES (24, 72, 10, 0.05, NULL, NULL);
INSERT INTO `watermanagement_db`.`tbl_eca_parametro_limite` (`id_eca`, `id_parametro`, `id_unidad`, `limite_maximo`, `limite_minimo`, `comentario`) VALUES (24, 74, 10, 0.05, NULL, NULL);
INSERT INTO `watermanagement_db`.`tbl_eca_parametro_limite` (`id_eca`, `id_parametro`, `id_unidad`, `limite_maximo`, `limite_minimo`, `comentario`) VALUES (24, 76, 10, 3, NULL, NULL);
INSERT INTO `watermanagement_db`.`tbl_eca_parametro_limite` (`id_eca`, `id_parametro`, `id_unidad`, `limite_maximo`, `limite_minimo`, `comentario`) VALUES (24, 77, 10, 3, NULL, NULL);
INSERT INTO `watermanagement_db`.`tbl_eca_parametro_limite` (`id_eca`, `id_parametro`, `id_unidad`, `limite_maximo`, `limite_minimo`, `comentario`) VALUES (24, 78, 10, 10, NULL, NULL);
INSERT INTO `watermanagement_db`.`tbl_eca_parametro_limite` (`id_eca`, `id_parametro`, `id_unidad`, `limite_maximo`, `limite_minimo`, `comentario`) VALUES (24, 79, 10, 0.5, NULL, NULL);
INSERT INTO `watermanagement_db`.`tbl_eca_parametro_limite` (`id_eca`, `id_parametro`, `id_unidad`, `limite_maximo`, `limite_minimo`, `comentario`) VALUES (24, 81, 10, 0.1, NULL, NULL);
INSERT INTO `watermanagement_db`.`tbl_eca_parametro_limite` (`id_eca`, `id_parametro`, `id_unidad`, `limite_maximo`, `limite_minimo`, `comentario`) VALUES (24, 86, 10, 500, NULL, NULL);
INSERT INTO `watermanagement_db`.`tbl_eca_parametro_limite` (`id_eca`, `id_parametro`, `id_unidad`, `limite_maximo`, `limite_minimo`, `comentario`) VALUES (24, 88, 2, 500, NULL, NULL);
INSERT INTO `watermanagement_db`.`tbl_eca_parametro_limite` (`id_eca`, `id_parametro`, `id_unidad`, `limite_maximo`, `limite_minimo`, `comentario`) VALUES (24, 90, 10, 5.6E-05, NULL, NULL);
INSERT INTO `watermanagement_db`.`tbl_eca_parametro_limite` (`id_eca`, `id_parametro`, `id_unidad`, `limite_maximo`, `limite_minimo`, `comentario`) VALUES (24, 91, 10, 5.6E-05, NULL, NULL);
INSERT INTO `watermanagement_db`.`tbl_eca_parametro_limite` (`id_eca`, `id_parametro`, `id_unidad`, `limite_maximo`, `limite_minimo`, `comentario`) VALUES (24, 93, 10, 0.0006, NULL, NULL);
INSERT INTO `watermanagement_db`.`tbl_eca_parametro_limite` (`id_eca`, `id_parametro`, `id_unidad`, `limite_maximo`, `limite_minimo`, `comentario`) VALUES (24, 97, 5, 0, NULL, NULL);
INSERT INTO `watermanagement_db`.`tbl_eca_parametro_limite` (`id_eca`, `id_parametro`, `id_unidad`, `limite_maximo`, `limite_minimo`, `comentario`) VALUES (24, 102, 10, 0.3, NULL, NULL);
INSERT INTO `watermanagement_db`.`tbl_eca_parametro_limite` (`id_eca`, `id_parametro`, `id_unidad`, `limite_maximo`, `limite_minimo`, `comentario`) VALUES (24, 104, 10, 0.003, NULL, NULL);
INSERT INTO `watermanagement_db`.`tbl_eca_parametro_limite` (`id_eca`, `id_parametro`, `id_unidad`, `limite_maximo`, `limite_minimo`, `comentario`) VALUES (24, 107, 10, 1.5, NULL, NULL);
INSERT INTO `watermanagement_db`.`tbl_eca_parametro_limite` (`id_eca`, `id_parametro`, `id_unidad`, `limite_maximo`, `limite_minimo`, `comentario`) VALUES (24, 117, 10, 0.1, NULL, NULL);
INSERT INTO `watermanagement_db`.`tbl_eca_parametro_limite` (`id_eca`, `id_parametro`, `id_unidad`, `limite_maximo`, `limite_minimo`, `comentario`) VALUES (24, 126, 10, 3E-05, NULL, NULL);
INSERT INTO `watermanagement_db`.`tbl_eca_parametro_limite` (`id_eca`, `id_parametro`, `id_unidad`, `limite_maximo`, `limite_minimo`, `comentario`) VALUES (24, 127, 10, 0.0006, NULL, NULL);
INSERT INTO `watermanagement_db`.`tbl_eca_parametro_limite` (`id_eca`, `id_parametro`, `id_unidad`, `limite_maximo`, `limite_minimo`, `comentario`) VALUES (24, 137, 10, 0.3, NULL, NULL);
INSERT INTO `watermanagement_db`.`tbl_eca_parametro_limite` (`id_eca`, `id_parametro`, `id_unidad`, `limite_maximo`, `limite_minimo`, `comentario`) VALUES (24, 145, 10, 0.002, NULL, NULL);
INSERT INTO `watermanagement_db`.`tbl_eca_parametro_limite` (`id_eca`, `id_parametro`, `id_unidad`, `limite_maximo`, `limite_minimo`, `comentario`) VALUES (24, 152, 10, 0.19, NULL, NULL);
INSERT INTO `watermanagement_db`.`tbl_eca_parametro_limite` (`id_eca`, `id_parametro`, `id_unidad`, `limite_maximo`, `limite_minimo`, `comentario`) VALUES (24, 154, 10, 0.4, NULL, NULL);
INSERT INTO `watermanagement_db`.`tbl_eca_parametro_limite` (`id_eca`, `id_parametro`, `id_unidad`, `limite_maximo`, `limite_minimo`, `comentario`) VALUES (24, 156, 10, 0.001, NULL, NULL);
INSERT INTO `watermanagement_db`.`tbl_eca_parametro_limite` (`id_eca`, `id_parametro`, `id_unidad`, `limite_maximo`, `limite_minimo`, `comentario`) VALUES (24, 161, 10, 0.07, NULL, NULL);
INSERT INTO `watermanagement_db`.`tbl_eca_parametro_limite` (`id_eca`, `id_parametro`, `id_unidad`, `limite_maximo`, `limite_minimo`, `comentario`) VALUES (24, 167, 10, 0.07, NULL, NULL);
INSERT INTO `watermanagement_db`.`tbl_eca_parametro_limite` (`id_eca`, `id_parametro`, `id_unidad`, `limite_maximo`, `limite_minimo`, `comentario`) VALUES (24, 168, 10, 50, NULL, NULL);
INSERT INTO `watermanagement_db`.`tbl_eca_parametro_limite` (`id_eca`, `id_parametro`, `id_unidad`, `limite_maximo`, `limite_minimo`, `comentario`) VALUES (24, 169, 10, 3, NULL, NULL);
INSERT INTO `watermanagement_db`.`tbl_eca_parametro_limite` (`id_eca`, `id_parametro`, `id_unidad`, `limite_maximo`, `limite_minimo`, `comentario`) VALUES (24, 170, 10, 1.5, NULL, NULL);
INSERT INTO `watermanagement_db`.`tbl_eca_parametro_limite` (`id_eca`, `id_parametro`, `id_unidad`, `limite_maximo`, `limite_minimo`, `comentario`) VALUES (24, 174, 10, NULL, 6, NULL);
INSERT INTO `watermanagement_db`.`tbl_eca_parametro_limite` (`id_eca`, `id_parametro`, `id_unidad`, `limite_maximo`, `limite_minimo`, `comentario`) VALUES (24, 175, 10, NULL, 6, NULL);
INSERT INTO `watermanagement_db`.`tbl_eca_parametro_limite` (`id_eca`, `id_parametro`, `id_unidad`, `limite_maximo`, `limite_minimo`, `comentario`) VALUES (24, 177, 12, 8.5, 6.5, NULL);
INSERT INTO `watermanagement_db`.`tbl_eca_parametro_limite` (`id_eca`, `id_parametro`, `id_unidad`, `limite_maximo`, `limite_minimo`, `comentario`) VALUES (24, 178, 12, 8.5, 6.5, NULL);
INSERT INTO `watermanagement_db`.`tbl_eca_parametro_limite` (`id_eca`, `id_parametro`, `id_unidad`, `limite_maximo`, `limite_minimo`, `comentario`) VALUES (24, 181, 10, 0.01, NULL, NULL);
INSERT INTO `watermanagement_db`.`tbl_eca_parametro_limite` (`id_eca`, `id_parametro`, `id_unidad`, `limite_maximo`, `limite_minimo`, `comentario`) VALUES (24, 183, 10, 0.01, NULL, NULL);
INSERT INTO `watermanagement_db`.`tbl_eca_parametro_limite` (`id_eca`, `id_parametro`, `id_unidad`, `limite_maximo`, `limite_minimo`, `comentario`) VALUES (24, 193, 10, 0.04, NULL, NULL);
INSERT INTO `watermanagement_db`.`tbl_eca_parametro_limite` (`id_eca`, `id_parametro`, `id_unidad`, `limite_maximo`, `limite_minimo`, `comentario`) VALUES (24, 203, 10, 1000, NULL, NULL);
INSERT INTO `watermanagement_db`.`tbl_eca_parametro_limite` (`id_eca`, `id_parametro`, `id_unidad`, `limite_maximo`, `limite_minimo`, `comentario`) VALUES (24, 204, 10, 1000, NULL, NULL);
INSERT INTO `watermanagement_db`.`tbl_eca_parametro_limite` (`id_eca`, `id_parametro`, `id_unidad`, `limite_maximo`, `limite_minimo`, `comentario`) VALUES (24, 206, 10, 250, NULL, NULL);
INSERT INTO `watermanagement_db`.`tbl_eca_parametro_limite` (`id_eca`, `id_parametro`, `id_unidad`, `limite_maximo`, `limite_minimo`, `comentario`) VALUES (24, 209, 10, 0.05, NULL, NULL);
INSERT INTO `watermanagement_db`.`tbl_eca_parametro_limite` (`id_eca`, `id_parametro`, `id_unidad`, `limite_maximo`, `limite_minimo`, `comentario`) VALUES (24, 220, 10, 0.004, NULL, NULL);
INSERT INTO `watermanagement_db`.`tbl_eca_parametro_limite` (`id_eca`, `id_parametro`, `id_unidad`, `limite_maximo`, `limite_minimo`, `comentario`) VALUES (24, 225, 10, 0.7, NULL, NULL);
INSERT INTO `watermanagement_db`.`tbl_eca_parametro_limite` (`id_eca`, `id_parametro`, `id_unidad`, `limite_maximo`, `limite_minimo`, `comentario`) VALUES (24, 230, 1, 5, NULL, NULL);
INSERT INTO `watermanagement_db`.`tbl_eca_parametro_limite` (`id_eca`, `id_parametro`, `id_unidad`, `limite_maximo`, `limite_minimo`, `comentario`) VALUES (24, 231, 1, 5, NULL, NULL);
INSERT INTO `watermanagement_db`.`tbl_eca_parametro_limite` (`id_eca`, `id_parametro`, `id_unidad`, `limite_maximo`, `limite_minimo`, `comentario`) VALUES (24, 233, 10, 0.02, NULL, NULL);
INSERT INTO `watermanagement_db`.`tbl_eca_parametro_limite` (`id_eca`, `id_parametro`, `id_unidad`, `limite_maximo`, `limite_minimo`, `comentario`) VALUES (24, 235, 10, 0.1, NULL, NULL);
INSERT INTO `watermanagement_db`.`tbl_eca_parametro_limite` (`id_eca`, `id_parametro`, `id_unidad`, `limite_maximo`, `limite_minimo`, `comentario`) VALUES (24, 240, 10, 3, NULL, NULL);
INSERT INTO `watermanagement_db`.`tbl_eca_parametro_limite` (`id_eca`, `id_parametro`, `id_unidad`, `limite_maximo`, `limite_minimo`, `comentario`) VALUES (25, 1, 10, 0.2, NULL, NULL);
INSERT INTO `watermanagement_db`.`tbl_eca_parametro_limite` (`id_eca`, `id_parametro`, `id_unidad`, `limite_maximo`, `limite_minimo`, `comentario`) VALUES (25, 3, 10, 0.03, NULL, NULL);
INSERT INTO `watermanagement_db`.`tbl_eca_parametro_limite` (`id_eca`, `id_parametro`, `id_unidad`, `limite_maximo`, `limite_minimo`, `comentario`) VALUES (25, 7, 10, 1.7, NULL, NULL);
INSERT INTO `watermanagement_db`.`tbl_eca_parametro_limite` (`id_eca`, `id_parametro`, `id_unidad`, `limite_maximo`, `limite_minimo`, `comentario`) VALUES (25, 18, 10, 5, NULL, NULL);
INSERT INTO `watermanagement_db`.`tbl_eca_parametro_limite` (`id_eca`, `id_parametro`, `id_unidad`, `limite_maximo`, `limite_minimo`, `comentario`) VALUES (25, 19, 10, 1.5, NULL, NULL);
INSERT INTO `watermanagement_db`.`tbl_eca_parametro_limite` (`id_eca`, `id_parametro`, `id_unidad`, `limite_maximo`, `limite_minimo`, `comentario`) VALUES (25, 21, 10, 0.02, NULL, NULL);
INSERT INTO `watermanagement_db`.`tbl_eca_parametro_limite` (`id_eca`, `id_parametro`, `id_unidad`, `limite_maximo`, `limite_minimo`, `comentario`) VALUES (25, 23, 10, 0.01, NULL, NULL);
INSERT INTO `watermanagement_db`.`tbl_eca_parametro_limite` (`id_eca`, `id_parametro`, `id_unidad`, `limite_maximo`, `limite_minimo`, `comentario`) VALUES (25, 25, 10, 1, NULL, NULL);
INSERT INTO `watermanagement_db`.`tbl_eca_parametro_limite` (`id_eca`, `id_parametro`, `id_unidad`, `limite_maximo`, `limite_minimo`, `comentario`) VALUES (25, 26, 10, 0.01, NULL, NULL);
INSERT INTO `watermanagement_db`.`tbl_eca_parametro_limite` (`id_eca`, `id_parametro`, `id_unidad`, `limite_maximo`, `limite_minimo`, `comentario`) VALUES (25, 28, 10, 0.0007, NULL, NULL);
INSERT INTO `watermanagement_db`.`tbl_eca_parametro_limite` (`id_eca`, `id_parametro`, `id_unidad`, `limite_maximo`, `limite_minimo`, `comentario`) VALUES (25, 32, 10, 0.04, NULL, NULL);
INSERT INTO `watermanagement_db`.`tbl_eca_parametro_limite` (`id_eca`, `id_parametro`, `id_unidad`, `limite_maximo`, `limite_minimo`, `comentario`) VALUES (25, 37, 10, 2.4, NULL, NULL);
INSERT INTO `watermanagement_db`.`tbl_eca_parametro_limite` (`id_eca`, `id_parametro`, `id_unidad`, `limite_maximo`, `limite_minimo`, `comentario`) VALUES (25, 41, 10, 0.005, NULL, NULL);
INSERT INTO `watermanagement_db`.`tbl_eca_parametro_limite` (`id_eca`, `id_parametro`, `id_unidad`, `limite_maximo`, `limite_minimo`, `comentario`) VALUES (25, 50, 10, 0.022, NULL, NULL);
INSERT INTO `watermanagement_db`.`tbl_eca_parametro_limite` (`id_eca`, `id_parametro`, `id_unidad`, `limite_maximo`, `limite_minimo`, `comentario`) VALUES (25, 51, 10, 0.2, NULL, NULL);
INSERT INTO `watermanagement_db`.`tbl_eca_parametro_limite` (`id_eca`, `id_parametro`, `id_unidad`, `limite_maximo`, `limite_minimo`, `comentario`) VALUES (25, 52, 10, 0.08, NULL, NULL);
INSERT INTO `watermanagement_db`.`tbl_eca_parametro_limite` (`id_eca`, `id_parametro`, `id_unidad`, `limite_maximo`, `limite_minimo`, `comentario`) VALUES (25, 60, 10, 250, NULL, NULL);
INSERT INTO `watermanagement_db`.`tbl_eca_parametro_limite` (`id_eca`, `id_parametro`, `id_unidad`, `limite_maximo`, `limite_minimo`, `comentario`) VALUES (25, 64, 10, 2, NULL, NULL);
INSERT INTO `watermanagement_db`.`tbl_eca_parametro_limite` (`id_eca`, `id_parametro`, `id_unidad`, `limite_maximo`, `limite_minimo`, `comentario`) VALUES (25, 65, 5, 2000, NULL, NULL);
INSERT INTO `watermanagement_db`.`tbl_eca_parametro_limite` (`id_eca`, `id_parametro`, `id_unidad`, `limite_maximo`, `limite_minimo`, `comentario`) VALUES (25, 66, 5, 5000, NULL, NULL);
INSERT INTO `watermanagement_db`.`tbl_eca_parametro_limite` (`id_eca`, `id_parametro`, `id_unidad`, `limite_maximo`, `limite_minimo`, `comentario`) VALUES (25, 67, 7, 100, NULL, NULL);
INSERT INTO `watermanagement_db`.`tbl_eca_parametro_limite` (`id_eca`, `id_parametro`, `id_unidad`, `limite_maximo`, `limite_minimo`, `comentario`) VALUES (25, 68, 8, 1600, NULL, NULL);
INSERT INTO `watermanagement_db`.`tbl_eca_parametro_limite` (`id_eca`, `id_parametro`, `id_unidad`, `limite_maximo`, `limite_minimo`, `comentario`) VALUES (25, 69, 8, 1600, NULL, NULL);
INSERT INTO `watermanagement_db`.`tbl_eca_parametro_limite` (`id_eca`, `id_parametro`, `id_unidad`, `limite_maximo`, `limite_minimo`, `comentario`) VALUES (25, 72, 10, 0.05, NULL, NULL);
INSERT INTO `watermanagement_db`.`tbl_eca_parametro_limite` (`id_eca`, `id_parametro`, `id_unidad`, `limite_maximo`, `limite_minimo`, `comentario`) VALUES (25, 74, 10, 0.05, NULL, NULL);
INSERT INTO `watermanagement_db`.`tbl_eca_parametro_limite` (`id_eca`, `id_parametro`, `id_unidad`, `limite_maximo`, `limite_minimo`, `comentario`) VALUES (25, 76, 10, 5, NULL, NULL);
INSERT INTO `watermanagement_db`.`tbl_eca_parametro_limite` (`id_eca`, `id_parametro`, `id_unidad`, `limite_maximo`, `limite_minimo`, `comentario`) VALUES (25, 77, 10, 5, NULL, NULL);
INSERT INTO `watermanagement_db`.`tbl_eca_parametro_limite` (`id_eca`, `id_parametro`, `id_unidad`, `limite_maximo`, `limite_minimo`, `comentario`) VALUES (25, 78, 10, 20, NULL, NULL);
INSERT INTO `watermanagement_db`.`tbl_eca_parametro_limite` (`id_eca`, `id_parametro`, `id_unidad`, `limite_maximo`, `limite_minimo`, `comentario`) VALUES (25, 79, 10, 0.5, NULL, NULL);
INSERT INTO `watermanagement_db`.`tbl_eca_parametro_limite` (`id_eca`, `id_parametro`, `id_unidad`, `limite_maximo`, `limite_minimo`, `comentario`) VALUES (25, 90, 10, 5.6E-05, NULL, NULL);
INSERT INTO `watermanagement_db`.`tbl_eca_parametro_limite` (`id_eca`, `id_parametro`, `id_unidad`, `limite_maximo`, `limite_minimo`, `comentario`) VALUES (25, 91, 10, 5.6E-05, NULL, NULL);
INSERT INTO `watermanagement_db`.`tbl_eca_parametro_limite` (`id_eca`, `id_parametro`, `id_unidad`, `limite_maximo`, `limite_minimo`, `comentario`) VALUES (25, 93, 10, 0.0006, NULL, NULL);
INSERT INTO `watermanagement_db`.`tbl_eca_parametro_limite` (`id_eca`, `id_parametro`, `id_unidad`, `limite_maximo`, `limite_minimo`, `comentario`) VALUES (25, 102, 10, 0.3, NULL, NULL);
INSERT INTO `watermanagement_db`.`tbl_eca_parametro_limite` (`id_eca`, `id_parametro`, `id_unidad`, `limite_maximo`, `limite_minimo`, `comentario`) VALUES (25, 117, 10, 0.15, NULL, NULL);
INSERT INTO `watermanagement_db`.`tbl_eca_parametro_limite` (`id_eca`, `id_parametro`, `id_unidad`, `limite_maximo`, `limite_minimo`, `comentario`) VALUES (25, 126, 10, 3E-05, NULL, NULL);
INSERT INTO `watermanagement_db`.`tbl_eca_parametro_limite` (`id_eca`, `id_parametro`, `id_unidad`, `limite_maximo`, `limite_minimo`, `comentario`) VALUES (25, 127, 10, 0.0006, NULL, NULL);
INSERT INTO `watermanagement_db`.`tbl_eca_parametro_limite` (`id_eca`, `id_parametro`, `id_unidad`, `limite_maximo`, `limite_minimo`, `comentario`) VALUES (25, 137, 10, 1, NULL, NULL);
INSERT INTO `watermanagement_db`.`tbl_eca_parametro_limite` (`id_eca`, `id_parametro`, `id_unidad`, `limite_maximo`, `limite_minimo`, `comentario`) VALUES (25, 145, 10, 0.002, NULL, NULL);
INSERT INTO `watermanagement_db`.`tbl_eca_parametro_limite` (`id_eca`, `id_parametro`, `id_unidad`, `limite_maximo`, `limite_minimo`, `comentario`) VALUES (25, 152, 10, 0.0001, NULL, NULL);
INSERT INTO `watermanagement_db`.`tbl_eca_parametro_limite` (`id_eca`, `id_parametro`, `id_unidad`, `limite_maximo`, `limite_minimo`, `comentario`) VALUES (25, 154, 10, 0.4, NULL, NULL);
INSERT INTO `watermanagement_db`.`tbl_eca_parametro_limite` (`id_eca`, `id_parametro`, `id_unidad`, `limite_maximo`, `limite_minimo`, `comentario`) VALUES (25, 156, 10, 0.002, NULL, NULL);
INSERT INTO `watermanagement_db`.`tbl_eca_parametro_limite` (`id_eca`, `id_parametro`, `id_unidad`, `limite_maximo`, `limite_minimo`, `comentario`) VALUES (25, 168, 10, 50, NULL, NULL);
INSERT INTO `watermanagement_db`.`tbl_eca_parametro_limite` (`id_eca`, `id_parametro`, `id_unidad`, `limite_maximo`, `limite_minimo`, `comentario`) VALUES (25, 169, 10, 3, NULL, NULL);
INSERT INTO `watermanagement_db`.`tbl_eca_parametro_limite` (`id_eca`, `id_parametro`, `id_unidad`, `limite_maximo`, `limite_minimo`, `comentario`) VALUES (25, 170, 10, 1.5, NULL, NULL);
INSERT INTO `watermanagement_db`.`tbl_eca_parametro_limite` (`id_eca`, `id_parametro`, `id_unidad`, `limite_maximo`, `limite_minimo`, `comentario`) VALUES (25, 174, 10, NULL, 5, NULL);
INSERT INTO `watermanagement_db`.`tbl_eca_parametro_limite` (`id_eca`, `id_parametro`, `id_unidad`, `limite_maximo`, `limite_minimo`, `comentario`) VALUES (25, 175, 10, NULL, 5, NULL);
INSERT INTO `watermanagement_db`.`tbl_eca_parametro_limite` (`id_eca`, `id_parametro`, `id_unidad`, `limite_maximo`, `limite_minimo`, `comentario`) VALUES (25, 177, 12, 9, 5.5, NULL);
INSERT INTO `watermanagement_db`.`tbl_eca_parametro_limite` (`id_eca`, `id_parametro`, `id_unidad`, `limite_maximo`, `limite_minimo`, `comentario`) VALUES (25, 178, 12, 9, 5.5, NULL);
INSERT INTO `watermanagement_db`.`tbl_eca_parametro_limite` (`id_eca`, `id_parametro`, `id_unidad`, `limite_maximo`, `limite_minimo`, `comentario`) VALUES (25, 181, 10, 0.05, NULL, NULL);
INSERT INTO `watermanagement_db`.`tbl_eca_parametro_limite` (`id_eca`, `id_parametro`, `id_unidad`, `limite_maximo`, `limite_minimo`, `comentario`) VALUES (25, 183, 10, 0.05, NULL, NULL);
INSERT INTO `watermanagement_db`.`tbl_eca_parametro_limite` (`id_eca`, `id_parametro`, `id_unidad`, `limite_maximo`, `limite_minimo`, `comentario`) VALUES (25, 193, 10, 0.04, NULL, NULL);
INSERT INTO `watermanagement_db`.`tbl_eca_parametro_limite` (`id_eca`, `id_parametro`, `id_unidad`, `limite_maximo`, `limite_minimo`, `comentario`) VALUES (25, 203, 10, 1000, NULL, NULL);
INSERT INTO `watermanagement_db`.`tbl_eca_parametro_limite` (`id_eca`, `id_parametro`, `id_unidad`, `limite_maximo`, `limite_minimo`, `comentario`) VALUES (25, 204, 10, 1000, NULL, NULL);
INSERT INTO `watermanagement_db`.`tbl_eca_parametro_limite` (`id_eca`, `id_parametro`, `id_unidad`, `limite_maximo`, `limite_minimo`, `comentario`) VALUES (25, 206, 10, 500, NULL, NULL);
INSERT INTO `watermanagement_db`.`tbl_eca_parametro_limite` (`id_eca`, `id_parametro`, `id_unidad`, `limite_maximo`, `limite_minimo`, `comentario`) VALUES (25, 220, 10, 0.004, NULL, NULL);
INSERT INTO `watermanagement_db`.`tbl_eca_parametro_limite` (`id_eca`, `id_parametro`, `id_unidad`, `limite_maximo`, `limite_minimo`, `comentario`) VALUES (25, 225, 10, 0.7, NULL, NULL);
INSERT INTO `watermanagement_db`.`tbl_eca_parametro_limite` (`id_eca`, `id_parametro`, `id_unidad`, `limite_maximo`, `limite_minimo`, `comentario`) VALUES (25, 230, 1, 100, NULL, NULL);
INSERT INTO `watermanagement_db`.`tbl_eca_parametro_limite` (`id_eca`, `id_parametro`, `id_unidad`, `limite_maximo`, `limite_minimo`, `comentario`) VALUES (25, 231, 1, 100, NULL, NULL);
INSERT INTO `watermanagement_db`.`tbl_eca_parametro_limite` (`id_eca`, `id_parametro`, `id_unidad`, `limite_maximo`, `limite_minimo`, `comentario`) VALUES (25, 233, 10, 0.02, NULL, NULL);
INSERT INTO `watermanagement_db`.`tbl_eca_parametro_limite` (`id_eca`, `id_parametro`, `id_unidad`, `limite_maximo`, `limite_minimo`, `comentario`) VALUES (25, 235, 10, 0.1, NULL, NULL);
INSERT INTO `watermanagement_db`.`tbl_eca_parametro_limite` (`id_eca`, `id_parametro`, `id_unidad`, `limite_maximo`, `limite_minimo`, `comentario`) VALUES (25, 240, 10, 5, NULL, NULL);
INSERT INTO `watermanagement_db`.`tbl_eca_parametro_limite` (`id_eca`, `id_parametro`, `id_unidad`, `limite_maximo`, `limite_minimo`, `comentario`) VALUES (26, 7, 10, 1.7, NULL, NULL);
INSERT INTO `watermanagement_db`.`tbl_eca_parametro_limite` (`id_eca`, `id_parametro`, `id_unidad`, `limite_maximo`, `limite_minimo`, `comentario`) VALUES (26, 18, 10, 5, NULL, NULL);
INSERT INTO `watermanagement_db`.`tbl_eca_parametro_limite` (`id_eca`, `id_parametro`, `id_unidad`, `limite_maximo`, `limite_minimo`, `comentario`) VALUES (26, 23, 10, 0.15, NULL, NULL);
INSERT INTO `watermanagement_db`.`tbl_eca_parametro_limite` (`id_eca`, `id_parametro`, `id_unidad`, `limite_maximo`, `limite_minimo`, `comentario`) VALUES (26, 32, 10, 0.1, NULL, NULL);
INSERT INTO `watermanagement_db`.`tbl_eca_parametro_limite` (`id_eca`, `id_parametro`, `id_unidad`, `limite_maximo`, `limite_minimo`, `comentario`) VALUES (26, 37, 10, 2.4, NULL, NULL);
INSERT INTO `watermanagement_db`.`tbl_eca_parametro_limite` (`id_eca`, `id_parametro`, `id_unidad`, `limite_maximo`, `limite_minimo`, `comentario`) VALUES (26, 41, 10, 0.01, NULL, NULL);
INSERT INTO `watermanagement_db`.`tbl_eca_parametro_limite` (`id_eca`, `id_parametro`, `id_unidad`, `limite_maximo`, `limite_minimo`, `comentario`) VALUES (26, 50, 10, 0.022, NULL, NULL);
INSERT INTO `watermanagement_db`.`tbl_eca_parametro_limite` (`id_eca`, `id_parametro`, `id_unidad`, `limite_maximo`, `limite_minimo`, `comentario`) VALUES (26, 51, 10, 0.2, NULL, NULL);
INSERT INTO `watermanagement_db`.`tbl_eca_parametro_limite` (`id_eca`, `id_parametro`, `id_unidad`, `limite_maximo`, `limite_minimo`, `comentario`) VALUES (26, 52, 10, 0.08, NULL, NULL);
INSERT INTO `watermanagement_db`.`tbl_eca_parametro_limite` (`id_eca`, `id_parametro`, `id_unidad`, `limite_maximo`, `limite_minimo`, `comentario`) VALUES (26, 60, 10, 250, NULL, NULL);
INSERT INTO `watermanagement_db`.`tbl_eca_parametro_limite` (`id_eca`, `id_parametro`, `id_unidad`, `limite_maximo`, `limite_minimo`, `comentario`) VALUES (26, 64, 10, 2, NULL, NULL);
INSERT INTO `watermanagement_db`.`tbl_eca_parametro_limite` (`id_eca`, `id_parametro`, `id_unidad`, `limite_maximo`, `limite_minimo`, `comentario`) VALUES (26, 65, 5, 20000, NULL, NULL);
INSERT INTO `watermanagement_db`.`tbl_eca_parametro_limite` (`id_eca`, `id_parametro`, `id_unidad`, `limite_maximo`, `limite_minimo`, `comentario`) VALUES (26, 66, 5, 49999.999999999993, NULL, NULL);
INSERT INTO `watermanagement_db`.`tbl_eca_parametro_limite` (`id_eca`, `id_parametro`, `id_unidad`, `limite_maximo`, `limite_minimo`, `comentario`) VALUES (26, 72, 10, 0.05, NULL, NULL);
INSERT INTO `watermanagement_db`.`tbl_eca_parametro_limite` (`id_eca`, `id_parametro`, `id_unidad`, `limite_maximo`, `limite_minimo`, `comentario`) VALUES (26, 74, 10, 0.05, NULL, NULL);
INSERT INTO `watermanagement_db`.`tbl_eca_parametro_limite` (`id_eca`, `id_parametro`, `id_unidad`, `limite_maximo`, `limite_minimo`, `comentario`) VALUES (26, 76, 10, 10, NULL, NULL);
INSERT INTO `watermanagement_db`.`tbl_eca_parametro_limite` (`id_eca`, `id_parametro`, `id_unidad`, `limite_maximo`, `limite_minimo`, `comentario`) VALUES (26, 77, 10, 10, NULL, NULL);
INSERT INTO `watermanagement_db`.`tbl_eca_parametro_limite` (`id_eca`, `id_parametro`, `id_unidad`, `limite_maximo`, `limite_minimo`, `comentario`) VALUES (26, 78, 10, 30, NULL, NULL);
INSERT INTO `watermanagement_db`.`tbl_eca_parametro_limite` (`id_eca`, `id_parametro`, `id_unidad`, `limite_maximo`, `limite_minimo`, `comentario`) VALUES (26, 117, 10, 0.15, NULL, NULL);
INSERT INTO `watermanagement_db`.`tbl_eca_parametro_limite` (`id_eca`, `id_parametro`, `id_unidad`, `limite_maximo`, `limite_minimo`, `comentario`) VALUES (26, 137, 10, 5, NULL, NULL);
INSERT INTO `watermanagement_db`.`tbl_eca_parametro_limite` (`id_eca`, `id_parametro`, `id_unidad`, `limite_maximo`, `limite_minimo`, `comentario`) VALUES (26, 154, 10, 0.5, NULL, NULL);
INSERT INTO `watermanagement_db`.`tbl_eca_parametro_limite` (`id_eca`, `id_parametro`, `id_unidad`, `limite_maximo`, `limite_minimo`, `comentario`) VALUES (26, 156, 10, 0.002, NULL, NULL);
INSERT INTO `watermanagement_db`.`tbl_eca_parametro_limite` (`id_eca`, `id_parametro`, `id_unidad`, `limite_maximo`, `limite_minimo`, `comentario`) VALUES (26, 168, 10, 50, NULL, NULL);
INSERT INTO `watermanagement_db`.`tbl_eca_parametro_limite` (`id_eca`, `id_parametro`, `id_unidad`, `limite_maximo`, `limite_minimo`, `comentario`) VALUES (26, 174, 10, NULL, 4, NULL);
INSERT INTO `watermanagement_db`.`tbl_eca_parametro_limite` (`id_eca`, `id_parametro`, `id_unidad`, `limite_maximo`, `limite_minimo`, `comentario`) VALUES (26, 175, 10, NULL, 4, NULL);
INSERT INTO `watermanagement_db`.`tbl_eca_parametro_limite` (`id_eca`, `id_parametro`, `id_unidad`, `limite_maximo`, `limite_minimo`, `comentario`) VALUES (26, 177, 12, 9, 5.5, NULL);
INSERT INTO `watermanagement_db`.`tbl_eca_parametro_limite` (`id_eca`, `id_parametro`, `id_unidad`, `limite_maximo`, `limite_minimo`, `comentario`) VALUES (26, 178, 12, 9, 5.5, NULL);
INSERT INTO `watermanagement_db`.`tbl_eca_parametro_limite` (`id_eca`, `id_parametro`, `id_unidad`, `limite_maximo`, `limite_minimo`, `comentario`) VALUES (26, 181, 10, 0.05, NULL, NULL);
INSERT INTO `watermanagement_db`.`tbl_eca_parametro_limite` (`id_eca`, `id_parametro`, `id_unidad`, `limite_maximo`, `limite_minimo`, `comentario`) VALUES (26, 183, 10, 0.05, NULL, NULL);
INSERT INTO `watermanagement_db`.`tbl_eca_parametro_limite` (`id_eca`, `id_parametro`, `id_unidad`, `limite_maximo`, `limite_minimo`, `comentario`) VALUES (26, 193, 10, 0.05, NULL, NULL);
INSERT INTO `watermanagement_db`.`tbl_eca_parametro_limite` (`id_eca`, `id_parametro`, `id_unidad`, `limite_maximo`, `limite_minimo`, `comentario`) VALUES (26, 203, 10, 1500, NULL, NULL);
INSERT INTO `watermanagement_db`.`tbl_eca_parametro_limite` (`id_eca`, `id_parametro`, `id_unidad`, `limite_maximo`, `limite_minimo`, `comentario`) VALUES (26, 204, 10, 1500, NULL, NULL);
INSERT INTO `watermanagement_db`.`tbl_eca_parametro_limite` (`id_eca`, `id_parametro`, `id_unidad`, `limite_maximo`, `limite_minimo`, `comentario`) VALUES (26, 233, 10, 0.02, NULL, NULL);
INSERT INTO `watermanagement_db`.`tbl_eca_parametro_limite` (`id_eca`, `id_parametro`, `id_unidad`, `limite_maximo`, `limite_minimo`, `comentario`) VALUES (26, 235, 10, 0.1, NULL, NULL);
INSERT INTO `watermanagement_db`.`tbl_eca_parametro_limite` (`id_eca`, `id_parametro`, `id_unidad`, `limite_maximo`, `limite_minimo`, `comentario`) VALUES (26, 240, 10, 5, NULL, NULL);
INSERT INTO `watermanagement_db`.`tbl_eca_parametro_limite` (`id_eca`, `id_parametro`, `id_unidad`, `limite_maximo`, `limite_minimo`, `comentario`) VALUES (27, 7, 10, 1, NULL, NULL);
INSERT INTO `watermanagement_db`.`tbl_eca_parametro_limite` (`id_eca`, `id_parametro`, `id_unidad`, `limite_maximo`, `limite_minimo`, `comentario`) VALUES (27, 21, 10, 0.64, NULL, NULL);
INSERT INTO `watermanagement_db`.`tbl_eca_parametro_limite` (`id_eca`, `id_parametro`, `id_unidad`, `limite_maximo`, `limite_minimo`, `comentario`) VALUES (27, 23, 10, 0.05, NULL, NULL);
INSERT INTO `watermanagement_db`.`tbl_eca_parametro_limite` (`id_eca`, `id_parametro`, `id_unidad`, `limite_maximo`, `limite_minimo`, `comentario`) VALUES (27, 37, 10, 5, NULL, NULL);
INSERT INTO `watermanagement_db`.`tbl_eca_parametro_limite` (`id_eca`, `id_parametro`, `id_unidad`, `limite_maximo`, `limite_minimo`, `comentario`) VALUES (27, 41, 10, 0.01, NULL, NULL);
INSERT INTO `watermanagement_db`.`tbl_eca_parametro_limite` (`id_eca`, `id_parametro`, `id_unidad`, `limite_maximo`, `limite_minimo`, `comentario`) VALUES (27, 52, 10, 0.004, NULL, NULL);
INSERT INTO `watermanagement_db`.`tbl_eca_parametro_limite` (`id_eca`, `id_parametro`, `id_unidad`, `limite_maximo`, `limite_minimo`, `comentario`) VALUES (27, 64, 10, 0.0031, NULL, NULL);
INSERT INTO `watermanagement_db`.`tbl_eca_parametro_limite` (`id_eca`, `id_parametro`, `id_unidad`, `limite_maximo`, `limite_minimo`, `comentario`) VALUES (27, 65, 5, 14, NULL, NULL);
INSERT INTO `watermanagement_db`.`tbl_eca_parametro_limite` (`id_eca`, `id_parametro`, `id_unidad`, `limite_maximo`, `limite_minimo`, `comentario`) VALUES (27, 67, 7, 100, NULL, NULL);
INSERT INTO `watermanagement_db`.`tbl_eca_parametro_limite` (`id_eca`, `id_parametro`, `id_unidad`, `limite_maximo`, `limite_minimo`, `comentario`) VALUES (27, 74, 10, 0.05, NULL, NULL);
INSERT INTO `watermanagement_db`.`tbl_eca_parametro_limite` (`id_eca`, `id_parametro`, `id_unidad`, `limite_maximo`, `limite_minimo`, `comentario`) VALUES (27, 117, 10, 0.062, NULL, NULL);
INSERT INTO `watermanagement_db`.`tbl_eca_parametro_limite` (`id_eca`, `id_parametro`, `id_unidad`, `limite_maximo`, `limite_minimo`, `comentario`) VALUES (27, 128, 10, 0.007, NULL, NULL);
INSERT INTO `watermanagement_db`.`tbl_eca_parametro_limite` (`id_eca`, `id_parametro`, `id_unidad`, `limite_maximo`, `limite_minimo`, `comentario`) VALUES (27, 156, 10, 0.00094, NULL, NULL);
INSERT INTO `watermanagement_db`.`tbl_eca_parametro_limite` (`id_eca`, `id_parametro`, `id_unidad`, `limite_maximo`, `limite_minimo`, `comentario`) VALUES (27, 167, 10, 0.0082, NULL, NULL);
INSERT INTO `watermanagement_db`.`tbl_eca_parametro_limite` (`id_eca`, `id_parametro`, `id_unidad`, `limite_maximo`, `limite_minimo`, `comentario`) VALUES (27, 168, 10, 16, NULL, NULL);
INSERT INTO `watermanagement_db`.`tbl_eca_parametro_limite` (`id_eca`, `id_parametro`, `id_unidad`, `limite_maximo`, `limite_minimo`, `comentario`) VALUES (27, 174, 10, 4, NULL, NULL);
INSERT INTO `watermanagement_db`.`tbl_eca_parametro_limite` (`id_eca`, `id_parametro`, `id_unidad`, `limite_maximo`, `limite_minimo`, `comentario`) VALUES (27, 175, 10, 4, NULL, NULL);
INSERT INTO `watermanagement_db`.`tbl_eca_parametro_limite` (`id_eca`, `id_parametro`, `id_unidad`, `limite_maximo`, `limite_minimo`, `comentario`) VALUES (27, 177, 12, 8.5, 7, NULL);
INSERT INTO `watermanagement_db`.`tbl_eca_parametro_limite` (`id_eca`, `id_parametro`, `id_unidad`, `limite_maximo`, `limite_minimo`, `comentario`) VALUES (27, 178, 12, 8.5, 7, NULL);
INSERT INTO `watermanagement_db`.`tbl_eca_parametro_limite` (`id_eca`, `id_parametro`, `id_unidad`, `limite_maximo`, `limite_minimo`, `comentario`) VALUES (27, 183, 10, 0.0081, NULL, NULL);
INSERT INTO `watermanagement_db`.`tbl_eca_parametro_limite` (`id_eca`, `id_parametro`, `id_unidad`, `limite_maximo`, `limite_minimo`, `comentario`) VALUES (27, 193, 10, 0.071, NULL, NULL);
INSERT INTO `watermanagement_db`.`tbl_eca_parametro_limite` (`id_eca`, `id_parametro`, `id_unidad`, `limite_maximo`, `limite_minimo`, `comentario`) VALUES (27, 205, 10, 80, NULL, NULL);
INSERT INTO `watermanagement_db`.`tbl_eca_parametro_limite` (`id_eca`, `id_parametro`, `id_unidad`, `limite_maximo`, `limite_minimo`, `comentario`) VALUES (27, 209, 10, 0.05, NULL, NULL);
INSERT INTO `watermanagement_db`.`tbl_eca_parametro_limite` (`id_eca`, `id_parametro`, `id_unidad`, `limite_maximo`, `limite_minimo`, `comentario`) VALUES (27, 240, 10, 0.081, NULL, NULL);
INSERT INTO `watermanagement_db`.`tbl_eca_parametro_limite` (`id_eca`, `id_parametro`, `id_unidad`, `limite_maximo`, `limite_minimo`, `comentario`) VALUES (28, 7, 10, 1, NULL, NULL);
INSERT INTO `watermanagement_db`.`tbl_eca_parametro_limite` (`id_eca`, `id_parametro`, `id_unidad`, `limite_maximo`, `limite_minimo`, `comentario`) VALUES (28, 21, 10, 0.64, NULL, NULL);
INSERT INTO `watermanagement_db`.`tbl_eca_parametro_limite` (`id_eca`, `id_parametro`, `id_unidad`, `limite_maximo`, `limite_minimo`, `comentario`) VALUES (28, 23, 10, 0.05, NULL, NULL);
INSERT INTO `watermanagement_db`.`tbl_eca_parametro_limite` (`id_eca`, `id_parametro`, `id_unidad`, `limite_maximo`, `limite_minimo`, `comentario`) VALUES (28, 37, 10, 5, NULL, NULL);
INSERT INTO `watermanagement_db`.`tbl_eca_parametro_limite` (`id_eca`, `id_parametro`, `id_unidad`, `limite_maximo`, `limite_minimo`, `comentario`) VALUES (28, 41, 10, 0.01, NULL, NULL);
INSERT INTO `watermanagement_db`.`tbl_eca_parametro_limite` (`id_eca`, `id_parametro`, `id_unidad`, `limite_maximo`, `limite_minimo`, `comentario`) VALUES (28, 52, 10, 0.004, NULL, NULL);
INSERT INTO `watermanagement_db`.`tbl_eca_parametro_limite` (`id_eca`, `id_parametro`, `id_unidad`, `limite_maximo`, `limite_minimo`, `comentario`) VALUES (28, 64, 10, 0.05, NULL, NULL);
INSERT INTO `watermanagement_db`.`tbl_eca_parametro_limite` (`id_eca`, `id_parametro`, `id_unidad`, `limite_maximo`, `limite_minimo`, `comentario`) VALUES (28, 65, 5, 30, NULL, NULL);
INSERT INTO `watermanagement_db`.`tbl_eca_parametro_limite` (`id_eca`, `id_parametro`, `id_unidad`, `limite_maximo`, `limite_minimo`, `comentario`) VALUES (28, 67, 7, 100, NULL, NULL);
INSERT INTO `watermanagement_db`.`tbl_eca_parametro_limite` (`id_eca`, `id_parametro`, `id_unidad`, `limite_maximo`, `limite_minimo`, `comentario`) VALUES (28, 74, 10, 0.05, NULL, NULL);
INSERT INTO `watermanagement_db`.`tbl_eca_parametro_limite` (`id_eca`, `id_parametro`, `id_unidad`, `limite_maximo`, `limite_minimo`, `comentario`) VALUES (28, 76, 10, 10, NULL, NULL);
INSERT INTO `watermanagement_db`.`tbl_eca_parametro_limite` (`id_eca`, `id_parametro`, `id_unidad`, `limite_maximo`, `limite_minimo`, `comentario`) VALUES (28, 77, 10, 10, NULL, NULL);
INSERT INTO `watermanagement_db`.`tbl_eca_parametro_limite` (`id_eca`, `id_parametro`, `id_unidad`, `limite_maximo`, `limite_minimo`, `comentario`) VALUES (28, 111, 10, 0.09, 0.03, NULL);
INSERT INTO `watermanagement_db`.`tbl_eca_parametro_limite` (`id_eca`, `id_parametro`, `id_unidad`, `limite_maximo`, `limite_minimo`, `comentario`) VALUES (28, 117, 10, 0.062, NULL, NULL);
INSERT INTO `watermanagement_db`.`tbl_eca_parametro_limite` (`id_eca`, `id_parametro`, `id_unidad`, `limite_maximo`, `limite_minimo`, `comentario`) VALUES (28, 128, 10, 0.007, NULL, NULL);
INSERT INTO `watermanagement_db`.`tbl_eca_parametro_limite` (`id_eca`, `id_parametro`, `id_unidad`, `limite_maximo`, `limite_minimo`, `comentario`) VALUES (28, 156, 10, 0.0001, NULL, NULL);
INSERT INTO `watermanagement_db`.`tbl_eca_parametro_limite` (`id_eca`, `id_parametro`, `id_unidad`, `limite_maximo`, `limite_minimo`, `comentario`) VALUES (28, 167, 10, 0.1, NULL, NULL);
INSERT INTO `watermanagement_db`.`tbl_eca_parametro_limite` (`id_eca`, `id_parametro`, `id_unidad`, `limite_maximo`, `limite_minimo`, `comentario`) VALUES (28, 168, 10, 16, NULL, NULL);
INSERT INTO `watermanagement_db`.`tbl_eca_parametro_limite` (`id_eca`, `id_parametro`, `id_unidad`, `limite_maximo`, `limite_minimo`, `comentario`) VALUES (28, 174, 10, 3, NULL, NULL);
INSERT INTO `watermanagement_db`.`tbl_eca_parametro_limite` (`id_eca`, `id_parametro`, `id_unidad`, `limite_maximo`, `limite_minimo`, `comentario`) VALUES (28, 175, 10, 3, NULL, NULL);
INSERT INTO `watermanagement_db`.`tbl_eca_parametro_limite` (`id_eca`, `id_parametro`, `id_unidad`, `limite_maximo`, `limite_minimo`, `comentario`) VALUES (28, 177, 12, 8.5, 6.8, NULL);
INSERT INTO `watermanagement_db`.`tbl_eca_parametro_limite` (`id_eca`, `id_parametro`, `id_unidad`, `limite_maximo`, `limite_minimo`, `comentario`) VALUES (28, 178, 12, 8.5, 6.8, NULL);
INSERT INTO `watermanagement_db`.`tbl_eca_parametro_limite` (`id_eca`, `id_parametro`, `id_unidad`, `limite_maximo`, `limite_minimo`, `comentario`) VALUES (28, 183, 10, 0.0081, NULL, NULL);
INSERT INTO `watermanagement_db`.`tbl_eca_parametro_limite` (`id_eca`, `id_parametro`, `id_unidad`, `limite_maximo`, `limite_minimo`, `comentario`) VALUES (28, 193, 10, 0.071, NULL, NULL);
INSERT INTO `watermanagement_db`.`tbl_eca_parametro_limite` (`id_eca`, `id_parametro`, `id_unidad`, `limite_maximo`, `limite_minimo`, `comentario`) VALUES (28, 205, 10, 60, NULL, NULL);
INSERT INTO `watermanagement_db`.`tbl_eca_parametro_limite` (`id_eca`, `id_parametro`, `id_unidad`, `limite_maximo`, `limite_minimo`, `comentario`) VALUES (28, 209, 10, 0.05, NULL, NULL);
INSERT INTO `watermanagement_db`.`tbl_eca_parametro_limite` (`id_eca`, `id_parametro`, `id_unidad`, `limite_maximo`, `limite_minimo`, `comentario`) VALUES (28, 240, 10, 0.081, NULL, NULL);
INSERT INTO `watermanagement_db`.`tbl_eca_parametro_limite` (`id_eca`, `id_parametro`, `id_unidad`, `limite_maximo`, `limite_minimo`, `comentario`) VALUES (29, 7, 10, 2, NULL, NULL);
INSERT INTO `watermanagement_db`.`tbl_eca_parametro_limite` (`id_eca`, `id_parametro`, `id_unidad`, `limite_maximo`, `limite_minimo`, `comentario`) VALUES (29, 21, 10, 0.64, NULL, NULL);
INSERT INTO `watermanagement_db`.`tbl_eca_parametro_limite` (`id_eca`, `id_parametro`, `id_unidad`, `limite_maximo`, `limite_minimo`, `comentario`) VALUES (29, 23, 10, 0.05, NULL, NULL);
INSERT INTO `watermanagement_db`.`tbl_eca_parametro_limite` (`id_eca`, `id_parametro`, `id_unidad`, `limite_maximo`, `limite_minimo`, `comentario`) VALUES (29, 64, 10, 0.05, NULL, NULL);
INSERT INTO `watermanagement_db`.`tbl_eca_parametro_limite` (`id_eca`, `id_parametro`, `id_unidad`, `limite_maximo`, `limite_minimo`, `comentario`) VALUES (29, 65, 5, 1000, NULL, NULL);
INSERT INTO `watermanagement_db`.`tbl_eca_parametro_limite` (`id_eca`, `id_parametro`, `id_unidad`, `limite_maximo`, `limite_minimo`, `comentario`) VALUES (29, 74, 10, 0.05, NULL, NULL);
INSERT INTO `watermanagement_db`.`tbl_eca_parametro_limite` (`id_eca`, `id_parametro`, `id_unidad`, `limite_maximo`, `limite_minimo`, `comentario`) VALUES (29, 76, 10, 10, NULL, NULL);
INSERT INTO `watermanagement_db`.`tbl_eca_parametro_limite` (`id_eca`, `id_parametro`, `id_unidad`, `limite_maximo`, `limite_minimo`, `comentario`) VALUES (29, 77, 10, 10, NULL, NULL);
INSERT INTO `watermanagement_db`.`tbl_eca_parametro_limite` (`id_eca`, `id_parametro`, `id_unidad`, `limite_maximo`, `limite_minimo`, `comentario`) VALUES (29, 111, 10, 0.1, NULL, NULL);
INSERT INTO `watermanagement_db`.`tbl_eca_parametro_limite` (`id_eca`, `id_parametro`, `id_unidad`, `limite_maximo`, `limite_minimo`, `comentario`) VALUES (29, 128, 10, 0.01, NULL, NULL);
INSERT INTO `watermanagement_db`.`tbl_eca_parametro_limite` (`id_eca`, `id_parametro`, `id_unidad`, `limite_maximo`, `limite_minimo`, `comentario`) VALUES (29, 156, 10, 0.0018, NULL, NULL);
INSERT INTO `watermanagement_db`.`tbl_eca_parametro_limite` (`id_eca`, `id_parametro`, `id_unidad`, `limite_maximo`, `limite_minimo`, `comentario`) VALUES (29, 167, 10, 0.074, NULL, NULL);
INSERT INTO `watermanagement_db`.`tbl_eca_parametro_limite` (`id_eca`, `id_parametro`, `id_unidad`, `limite_maximo`, `limite_minimo`, `comentario`) VALUES (29, 174, 10, 2.5, NULL, NULL);
INSERT INTO `watermanagement_db`.`tbl_eca_parametro_limite` (`id_eca`, `id_parametro`, `id_unidad`, `limite_maximo`, `limite_minimo`, `comentario`) VALUES (29, 175, 10, 2.5, NULL, NULL);
INSERT INTO `watermanagement_db`.`tbl_eca_parametro_limite` (`id_eca`, `id_parametro`, `id_unidad`, `limite_maximo`, `limite_minimo`, `comentario`) VALUES (29, 177, 12, 8.5, 6.8, NULL);
INSERT INTO `watermanagement_db`.`tbl_eca_parametro_limite` (`id_eca`, `id_parametro`, `id_unidad`, `limite_maximo`, `limite_minimo`, `comentario`) VALUES (29, 178, 12, 8.5, 6.8, NULL);
INSERT INTO `watermanagement_db`.`tbl_eca_parametro_limite` (`id_eca`, `id_parametro`, `id_unidad`, `limite_maximo`, `limite_minimo`, `comentario`) VALUES (29, 183, 10, 0.03, NULL, NULL);
INSERT INTO `watermanagement_db`.`tbl_eca_parametro_limite` (`id_eca`, `id_parametro`, `id_unidad`, `limite_maximo`, `limite_minimo`, `comentario`) VALUES (29, 205, 10, 70, NULL, NULL);
INSERT INTO `watermanagement_db`.`tbl_eca_parametro_limite` (`id_eca`, `id_parametro`, `id_unidad`, `limite_maximo`, `limite_minimo`, `comentario`) VALUES (29, 209, 10, 0.05, NULL, NULL);
INSERT INTO `watermanagement_db`.`tbl_eca_parametro_limite` (`id_eca`, `id_parametro`, `id_unidad`, `limite_maximo`, `limite_minimo`, `comentario`) VALUES (29, 240, 10, 0.12, NULL, NULL);
INSERT INTO `watermanagement_db`.`tbl_eca_parametro_limite` (`id_eca`, `id_parametro`, `id_unidad`, `limite_maximo`, `limite_minimo`, `comentario`) VALUES (30, 7, 10, 1, NULL, NULL);
INSERT INTO `watermanagement_db`.`tbl_eca_parametro_limite` (`id_eca`, `id_parametro`, `id_unidad`, `limite_maximo`, `limite_minimo`, `comentario`) VALUES (30, 23, 10, 0.1, NULL, NULL);
INSERT INTO `watermanagement_db`.`tbl_eca_parametro_limite` (`id_eca`, `id_parametro`, `id_unidad`, `limite_maximo`, `limite_minimo`, `comentario`) VALUES (30, 37, 10, 0.75, NULL, NULL);
INSERT INTO `watermanagement_db`.`tbl_eca_parametro_limite` (`id_eca`, `id_parametro`, `id_unidad`, `limite_maximo`, `limite_minimo`, `comentario`) VALUES (30, 41, 10, 0.01, NULL, NULL);
INSERT INTO `watermanagement_db`.`tbl_eca_parametro_limite` (`id_eca`, `id_parametro`, `id_unidad`, `limite_maximo`, `limite_minimo`, `comentario`) VALUES (30, 52, 10, 0.0052, NULL, NULL);
INSERT INTO `watermanagement_db`.`tbl_eca_parametro_limite` (`id_eca`, `id_parametro`, `id_unidad`, `limite_maximo`, `limite_minimo`, `comentario`) VALUES (30, 64, 10, 0.2, NULL, NULL);
INSERT INTO `watermanagement_db`.`tbl_eca_parametro_limite` (`id_eca`, `id_parametro`, `id_unidad`, `limite_maximo`, `limite_minimo`, `comentario`) VALUES (30, 65, 5, 200, NULL, NULL);
INSERT INTO `watermanagement_db`.`tbl_eca_parametro_limite` (`id_eca`, `id_parametro`, `id_unidad`, `limite_maximo`, `limite_minimo`, `comentario`) VALUES (30, 67, 7, 100, NULL, NULL);
INSERT INTO `watermanagement_db`.`tbl_eca_parametro_limite` (`id_eca`, `id_parametro`, `id_unidad`, `limite_maximo`, `limite_minimo`, `comentario`) VALUES (30, 74, 10, 0.1, NULL, NULL);
INSERT INTO `watermanagement_db`.`tbl_eca_parametro_limite` (`id_eca`, `id_parametro`, `id_unidad`, `limite_maximo`, `limite_minimo`, `comentario`) VALUES (30, 76, 10, 10, NULL, NULL);
INSERT INTO `watermanagement_db`.`tbl_eca_parametro_limite` (`id_eca`, `id_parametro`, `id_unidad`, `limite_maximo`, `limite_minimo`, `comentario`) VALUES (30, 77, 10, 10, NULL, NULL);
INSERT INTO `watermanagement_db`.`tbl_eca_parametro_limite` (`id_eca`, `id_parametro`, `id_unidad`, `limite_maximo`, `limite_minimo`, `comentario`) VALUES (30, 117, 10, 0.025, NULL, NULL);
INSERT INTO `watermanagement_db`.`tbl_eca_parametro_limite` (`id_eca`, `id_parametro`, `id_unidad`, `limite_maximo`, `limite_minimo`, `comentario`) VALUES (30, 156, 10, 0.00077, NULL, NULL);
INSERT INTO `watermanagement_db`.`tbl_eca_parametro_limite` (`id_eca`, `id_parametro`, `id_unidad`, `limite_maximo`, `limite_minimo`, `comentario`) VALUES (30, 167, 10, 0.052, NULL, NULL);
INSERT INTO `watermanagement_db`.`tbl_eca_parametro_limite` (`id_eca`, `id_parametro`, `id_unidad`, `limite_maximo`, `limite_minimo`, `comentario`) VALUES (30, 168, 10, 13, NULL, NULL);
INSERT INTO `watermanagement_db`.`tbl_eca_parametro_limite` (`id_eca`, `id_parametro`, `id_unidad`, `limite_maximo`, `limite_minimo`, `comentario`) VALUES (30, 174, 10, 5, NULL, NULL);
INSERT INTO `watermanagement_db`.`tbl_eca_parametro_limite` (`id_eca`, `id_parametro`, `id_unidad`, `limite_maximo`, `limite_minimo`, `comentario`) VALUES (30, 175, 10, 5, NULL, NULL);
INSERT INTO `watermanagement_db`.`tbl_eca_parametro_limite` (`id_eca`, `id_parametro`, `id_unidad`, `limite_maximo`, `limite_minimo`, `comentario`) VALUES (30, 177, 12, 9, 6, NULL);
INSERT INTO `watermanagement_db`.`tbl_eca_parametro_limite` (`id_eca`, `id_parametro`, `id_unidad`, `limite_maximo`, `limite_minimo`, `comentario`) VALUES (30, 178, 12, 9, 6, NULL);
INSERT INTO `watermanagement_db`.`tbl_eca_parametro_limite` (`id_eca`, `id_parametro`, `id_unidad`, `limite_maximo`, `limite_minimo`, `comentario`) VALUES (30, 183, 10, 0.0025, NULL, NULL);
INSERT INTO `watermanagement_db`.`tbl_eca_parametro_limite` (`id_eca`, `id_parametro`, `id_unidad`, `limite_maximo`, `limite_minimo`, `comentario`) VALUES (30, 193, 10, 0.005, NULL, NULL);
INSERT INTO `watermanagement_db`.`tbl_eca_parametro_limite` (`id_eca`, `id_parametro`, `id_unidad`, `limite_maximo`, `limite_minimo`, `comentario`) VALUES (30, 209, 10, 0.05, NULL, NULL);
INSERT INTO `watermanagement_db`.`tbl_eca_parametro_limite` (`id_eca`, `id_parametro`, `id_unidad`, `limite_maximo`, `limite_minimo`, `comentario`) VALUES (30, 211, 10, 0.0008, NULL, NULL);
INSERT INTO `watermanagement_db`.`tbl_eca_parametro_limite` (`id_eca`, `id_parametro`, `id_unidad`, `limite_maximo`, `limite_minimo`, `comentario`) VALUES (30, 240, 10, 1, NULL, NULL);
INSERT INTO `watermanagement_db`.`tbl_eca_parametro_limite` (`id_eca`, `id_parametro`, `id_unidad`, `limite_maximo`, `limite_minimo`, `comentario`) VALUES (31, 7, 10, 10, NULL, NULL);
INSERT INTO `watermanagement_db`.`tbl_eca_parametro_limite` (`id_eca`, `id_parametro`, `id_unidad`, `limite_maximo`, `limite_minimo`, `comentario`) VALUES (31, 15, 10, 7E-05, NULL, NULL);
INSERT INTO `watermanagement_db`.`tbl_eca_parametro_limite` (`id_eca`, `id_parametro`, `id_unidad`, `limite_maximo`, `limite_minimo`, `comentario`) VALUES (31, 18, 10, 5, NULL, NULL);
INSERT INTO `watermanagement_db`.`tbl_eca_parametro_limite` (`id_eca`, `id_parametro`, `id_unidad`, `limite_maximo`, `limite_minimo`, `comentario`) VALUES (31, 23, 10, 0.2, NULL, NULL);
INSERT INTO `watermanagement_db`.`tbl_eca_parametro_limite` (`id_eca`, `id_parametro`, `id_unidad`, `limite_maximo`, `limite_minimo`, `comentario`) VALUES (31, 32, 10, 0.1, NULL, NULL);
INSERT INTO `watermanagement_db`.`tbl_eca_parametro_limite` (`id_eca`, `id_parametro`, `id_unidad`, `limite_maximo`, `limite_minimo`, `comentario`) VALUES (31, 37, 10, 5, NULL, NULL);
INSERT INTO `watermanagement_db`.`tbl_eca_parametro_limite` (`id_eca`, `id_parametro`, `id_unidad`, `limite_maximo`, `limite_minimo`, `comentario`) VALUES (31, 41, 10, 0.05, NULL, NULL);
INSERT INTO `watermanagement_db`.`tbl_eca_parametro_limite` (`id_eca`, `id_parametro`, `id_unidad`, `limite_maximo`, `limite_minimo`, `comentario`) VALUES (31, 52, 10, 0.1, NULL, NULL);
INSERT INTO `watermanagement_db`.`tbl_eca_parametro_limite` (`id_eca`, `id_parametro`, `id_unidad`, `limite_maximo`, `limite_minimo`, `comentario`) VALUES (31, 62, 10, 1, NULL, NULL);
INSERT INTO `watermanagement_db`.`tbl_eca_parametro_limite` (`id_eca`, `id_parametro`, `id_unidad`, `limite_maximo`, `limite_minimo`, `comentario`) VALUES (31, 64, 10, 0.5, NULL, NULL);
INSERT INTO `watermanagement_db`.`tbl_eca_parametro_limite` (`id_eca`, `id_parametro`, `id_unidad`, `limite_maximo`, `limite_minimo`, `comentario`) VALUES (31, 65, 5, 1000, NULL, NULL);
INSERT INTO `watermanagement_db`.`tbl_eca_parametro_limite` (`id_eca`, `id_parametro`, `id_unidad`, `limite_maximo`, `limite_minimo`, `comentario`) VALUES (31, 66, 5, 5000, NULL, NULL);
INSERT INTO `watermanagement_db`.`tbl_eca_parametro_limite` (`id_eca`, `id_parametro`, `id_unidad`, `limite_maximo`, `limite_minimo`, `comentario`) VALUES (31, 67, 7, 100, NULL, NULL);
INSERT INTO `watermanagement_db`.`tbl_eca_parametro_limite` (`id_eca`, `id_parametro`, `id_unidad`, `limite_maximo`, `limite_minimo`, `comentario`) VALUES (31, 68, 8, 5000, NULL, NULL);
INSERT INTO `watermanagement_db`.`tbl_eca_parametro_limite` (`id_eca`, `id_parametro`, `id_unidad`, `limite_maximo`, `limite_minimo`, `comentario`) VALUES (31, 69, 8, 5000, NULL, NULL);
INSERT INTO `watermanagement_db`.`tbl_eca_parametro_limite` (`id_eca`, `id_parametro`, `id_unidad`, `limite_maximo`, `limite_minimo`, `comentario`) VALUES (31, 72, 10, 1, NULL, NULL);
INSERT INTO `watermanagement_db`.`tbl_eca_parametro_limite` (`id_eca`, `id_parametro`, `id_unidad`, `limite_maximo`, `limite_minimo`, `comentario`) VALUES (31, 74, 10, 1, NULL, NULL);
INSERT INTO `watermanagement_db`.`tbl_eca_parametro_limite` (`id_eca`, `id_parametro`, `id_unidad`, `limite_maximo`, `limite_minimo`, `comentario`) VALUES (31, 76, 10, 15, NULL, NULL);
INSERT INTO `watermanagement_db`.`tbl_eca_parametro_limite` (`id_eca`, `id_parametro`, `id_unidad`, `limite_maximo`, `limite_minimo`, `comentario`) VALUES (31, 77, 10, 15, NULL, NULL);
INSERT INTO `watermanagement_db`.`tbl_eca_parametro_limite` (`id_eca`, `id_parametro`, `id_unidad`, `limite_maximo`, `limite_minimo`, `comentario`) VALUES (31, 78, 10, 40, NULL, NULL);
INSERT INTO `watermanagement_db`.`tbl_eca_parametro_limite` (`id_eca`, `id_parametro`, `id_unidad`, `limite_maximo`, `limite_minimo`, `comentario`) VALUES (31, 79, 10, 0.5, NULL, NULL);
INSERT INTO `watermanagement_db`.`tbl_eca_parametro_limite` (`id_eca`, `id_parametro`, `id_unidad`, `limite_maximo`, `limite_minimo`, `comentario`) VALUES (31, 82, 10, 0.0005, NULL, NULL);
INSERT INTO `watermanagement_db`.`tbl_eca_parametro_limite` (`id_eca`, `id_parametro`, `id_unidad`, `limite_maximo`, `limite_minimo`, `comentario`) VALUES (31, 90, 10, 1E-05, NULL, NULL);
INSERT INTO `watermanagement_db`.`tbl_eca_parametro_limite` (`id_eca`, `id_parametro`, `id_unidad`, `limite_maximo`, `limite_minimo`, `comentario`) VALUES (31, 91, 10, 1E-05, NULL, NULL);
INSERT INTO `watermanagement_db`.`tbl_eca_parametro_limite` (`id_eca`, `id_parametro`, `id_unidad`, `limite_maximo`, `limite_minimo`, `comentario`) VALUES (31, 93, 10, 0.0002, NULL, NULL);
INSERT INTO `watermanagement_db`.`tbl_eca_parametro_limite` (`id_eca`, `id_parametro`, `id_unidad`, `limite_maximo`, `limite_minimo`, `comentario`) VALUES (31, 96, 5, 20, NULL, NULL);
INSERT INTO `watermanagement_db`.`tbl_eca_parametro_limite` (`id_eca`, `id_parametro`, `id_unidad`, `limite_maximo`, `limite_minimo`, `comentario`) VALUES (31, 97, 5, 100, NULL, NULL);
INSERT INTO `watermanagement_db`.`tbl_eca_parametro_limite` (`id_eca`, `id_parametro`, `id_unidad`, `limite_maximo`, `limite_minimo`, `comentario`) VALUES (31, 104, 10, 0.01, NULL, NULL);
INSERT INTO `watermanagement_db`.`tbl_eca_parametro_limite` (`id_eca`, `id_parametro`, `id_unidad`, `limite_maximo`, `limite_minimo`, `comentario`) VALUES (31, 126, 10, 3E-05, NULL, NULL);
INSERT INTO `watermanagement_db`.`tbl_eca_parametro_limite` (`id_eca`, `id_parametro`, `id_unidad`, `limite_maximo`, `limite_minimo`, `comentario`) VALUES (31, 138, 3, 1, NULL, NULL);
INSERT INTO `watermanagement_db`.`tbl_eca_parametro_limite` (`id_eca`, `id_parametro`, `id_unidad`, `limite_maximo`, `limite_minimo`, `comentario`) VALUES (31, 145, 10, 0.004, NULL, NULL);
INSERT INTO `watermanagement_db`.`tbl_eca_parametro_limite` (`id_eca`, `id_parametro`, `id_unidad`, `limite_maximo`, `limite_minimo`, `comentario`) VALUES (31, 147, 10, 2.5, NULL, NULL);
INSERT INTO `watermanagement_db`.`tbl_eca_parametro_limite` (`id_eca`, `id_parametro`, `id_unidad`, `limite_maximo`, `limite_minimo`, `comentario`) VALUES (31, 151, 10, 250, NULL, NULL);
INSERT INTO `watermanagement_db`.`tbl_eca_parametro_limite` (`id_eca`, `id_parametro`, `id_unidad`, `limite_maximo`, `limite_minimo`, `comentario`) VALUES (31, 154, 10, 0.2, NULL, NULL);
INSERT INTO `watermanagement_db`.`tbl_eca_parametro_limite` (`id_eca`, `id_parametro`, `id_unidad`, `limite_maximo`, `limite_minimo`, `comentario`) VALUES (31, 156, 10, 0.01, NULL, NULL);
INSERT INTO `watermanagement_db`.`tbl_eca_parametro_limite` (`id_eca`, `id_parametro`, `id_unidad`, `limite_maximo`, `limite_minimo`, `comentario`) VALUES (31, 167, 10, 1, NULL, NULL);
INSERT INTO `watermanagement_db`.`tbl_eca_parametro_limite` (`id_eca`, `id_parametro`, `id_unidad`, `limite_maximo`, `limite_minimo`, `comentario`) VALUES (31, 169, 10, 10, NULL, NULL);
INSERT INTO `watermanagement_db`.`tbl_eca_parametro_limite` (`id_eca`, `id_parametro`, `id_unidad`, `limite_maximo`, `limite_minimo`, `comentario`) VALUES (31, 171, 10, 100, NULL, NULL);
INSERT INTO `watermanagement_db`.`tbl_eca_parametro_limite` (`id_eca`, `id_parametro`, `id_unidad`, `limite_maximo`, `limite_minimo`, `comentario`) VALUES (31, 174, 10, NULL, 5, NULL);
INSERT INTO `watermanagement_db`.`tbl_eca_parametro_limite` (`id_eca`, `id_parametro`, `id_unidad`, `limite_maximo`, `limite_minimo`, `comentario`) VALUES (31, 175, 10, NULL, 5, NULL);
INSERT INTO `watermanagement_db`.`tbl_eca_parametro_limite` (`id_eca`, `id_parametro`, `id_unidad`, `limite_maximo`, `limite_minimo`, `comentario`) VALUES (31, 176, 10, 0.035, NULL, NULL);
INSERT INTO `watermanagement_db`.`tbl_eca_parametro_limite` (`id_eca`, `id_parametro`, `id_unidad`, `limite_maximo`, `limite_minimo`, `comentario`) VALUES (31, 177, 12, 8.4, 6.5, NULL);
INSERT INTO `watermanagement_db`.`tbl_eca_parametro_limite` (`id_eca`, `id_parametro`, `id_unidad`, `limite_maximo`, `limite_minimo`, `comentario`) VALUES (31, 178, 12, 8.4, 6.5, NULL);
INSERT INTO `watermanagement_db`.`tbl_eca_parametro_limite` (`id_eca`, `id_parametro`, `id_unidad`, `limite_maximo`, `limite_minimo`, `comentario`) VALUES (31, 181, 10, 0.05, NULL, NULL);
INSERT INTO `watermanagement_db`.`tbl_eca_parametro_limite` (`id_eca`, `id_parametro`, `id_unidad`, `limite_maximo`, `limite_minimo`, `comentario`) VALUES (31, 183, 10, 0.05, NULL, NULL);
INSERT INTO `watermanagement_db`.`tbl_eca_parametro_limite` (`id_eca`, `id_parametro`, `id_unidad`, `limite_maximo`, `limite_minimo`, `comentario`) VALUES (31, 193, 10, 0.05, NULL, NULL);
INSERT INTO `watermanagement_db`.`tbl_eca_parametro_limite` (`id_eca`, `id_parametro`, `id_unidad`, `limite_maximo`, `limite_minimo`, `comentario`) VALUES (31, 206, 10, 1000, NULL, NULL);
INSERT INTO `watermanagement_db`.`tbl_eca_parametro_limite` (`id_eca`, `id_parametro`, `id_unidad`, `limite_maximo`, `limite_minimo`, `comentario`) VALUES (31, 209, 10, 0.05, NULL, NULL);
INSERT INTO `watermanagement_db`.`tbl_eca_parametro_limite` (`id_eca`, `id_parametro`, `id_unidad`, `limite_maximo`, `limite_minimo`, `comentario`) VALUES (31, 240, 10, 24, NULL, NULL);
INSERT INTO `watermanagement_db`.`tbl_eca_parametro_limite` (`id_eca`, `id_parametro`, `id_unidad`, `limite_maximo`, `limite_minimo`, `comentario`) VALUES (32, 7, 10, 5, NULL, NULL);
INSERT INTO `watermanagement_db`.`tbl_eca_parametro_limite` (`id_eca`, `id_parametro`, `id_unidad`, `limite_maximo`, `limite_minimo`, `comentario`) VALUES (32, 11, 2, 518, NULL, NULL);
INSERT INTO `watermanagement_db`.`tbl_eca_parametro_limite` (`id_eca`, `id_parametro`, `id_unidad`, `limite_maximo`, `limite_minimo`, `comentario`) VALUES (32, 12, 2, 5, NULL, NULL);
INSERT INTO `watermanagement_db`.`tbl_eca_parametro_limite` (`id_eca`, `id_parametro`, `id_unidad`, `limite_maximo`, `limite_minimo`, `comentario`) VALUES (32, 15, 10, 4E-06, NULL, NULL);
INSERT INTO `watermanagement_db`.`tbl_eca_parametro_limite` (`id_eca`, `id_parametro`, `id_unidad`, `limite_maximo`, `limite_minimo`, `comentario`) VALUES (32, 18, 10, 5, NULL, NULL);
INSERT INTO `watermanagement_db`.`tbl_eca_parametro_limite` (`id_eca`, `id_parametro`, `id_unidad`, `limite_maximo`, `limite_minimo`, `comentario`) VALUES (32, 23, 10, 0.1, NULL, NULL);
INSERT INTO `watermanagement_db`.`tbl_eca_parametro_limite` (`id_eca`, `id_parametro`, `id_unidad`, `limite_maximo`, `limite_minimo`, `comentario`) VALUES (32, 25, 10, 0.7, NULL, NULL);
INSERT INTO `watermanagement_db`.`tbl_eca_parametro_limite` (`id_eca`, `id_parametro`, `id_unidad`, `limite_maximo`, `limite_minimo`, `comentario`) VALUES (32, 32, 10, 0.1, NULL, NULL);
INSERT INTO `watermanagement_db`.`tbl_eca_parametro_limite` (`id_eca`, `id_parametro`, `id_unidad`, `limite_maximo`, `limite_minimo`, `comentario`) VALUES (32, 37, 10, 1, NULL, NULL);
INSERT INTO `watermanagement_db`.`tbl_eca_parametro_limite` (`id_eca`, `id_parametro`, `id_unidad`, `limite_maximo`, `limite_minimo`, `comentario`) VALUES (32, 41, 10, 0.01, NULL, NULL);
INSERT INTO `watermanagement_db`.`tbl_eca_parametro_limite` (`id_eca`, `id_parametro`, `id_unidad`, `limite_maximo`, `limite_minimo`, `comentario`) VALUES (32, 43, 10, 200, NULL, NULL);
INSERT INTO `watermanagement_db`.`tbl_eca_parametro_limite` (`id_eca`, `id_parametro`, `id_unidad`, `limite_maximo`, `limite_minimo`, `comentario`) VALUES (32, 52, 10, 0.1, NULL, NULL);
INSERT INTO `watermanagement_db`.`tbl_eca_parametro_limite` (`id_eca`, `id_parametro`, `id_unidad`, `limite_maximo`, `limite_minimo`, `comentario`) VALUES (32, 60, 10, 500, NULL, NULL);
INSERT INTO `watermanagement_db`.`tbl_eca_parametro_limite` (`id_eca`, `id_parametro`, `id_unidad`, `limite_maximo`, `limite_minimo`, `comentario`) VALUES (32, 62, 10, 0.05, NULL, NULL);
INSERT INTO `watermanagement_db`.`tbl_eca_parametro_limite` (`id_eca`, `id_parametro`, `id_unidad`, `limite_maximo`, `limite_minimo`, `comentario`) VALUES (32, 64, 10, 0.2, NULL, NULL);
INSERT INTO `watermanagement_db`.`tbl_eca_parametro_limite` (`id_eca`, `id_parametro`, `id_unidad`, `limite_maximo`, `limite_minimo`, `comentario`) VALUES (32, 65, 5, 1000, NULL, NULL);
INSERT INTO `watermanagement_db`.`tbl_eca_parametro_limite` (`id_eca`, `id_parametro`, `id_unidad`, `limite_maximo`, `limite_minimo`, `comentario`) VALUES (32, 66, 5, 1000, NULL, NULL);
INSERT INTO `watermanagement_db`.`tbl_eca_parametro_limite` (`id_eca`, `id_parametro`, `id_unidad`, `limite_maximo`, `limite_minimo`, `comentario`) VALUES (32, 67, 7, 100, NULL, NULL);
INSERT INTO `watermanagement_db`.`tbl_eca_parametro_limite` (`id_eca`, `id_parametro`, `id_unidad`, `limite_maximo`, `limite_minimo`, `comentario`) VALUES (32, 68, 8, 2500, NULL, NULL);
INSERT INTO `watermanagement_db`.`tbl_eca_parametro_limite` (`id_eca`, `id_parametro`, `id_unidad`, `limite_maximo`, `limite_minimo`, `comentario`) VALUES (32, 69, 8, 2500, NULL, NULL);
INSERT INTO `watermanagement_db`.`tbl_eca_parametro_limite` (`id_eca`, `id_parametro`, `id_unidad`, `limite_maximo`, `limite_minimo`, `comentario`) VALUES (32, 72, 10, 0.1, NULL, NULL);
INSERT INTO `watermanagement_db`.`tbl_eca_parametro_limite` (`id_eca`, `id_parametro`, `id_unidad`, `limite_maximo`, `limite_minimo`, `comentario`) VALUES (32, 74, 10, 0.1, NULL, NULL);
INSERT INTO `watermanagement_db`.`tbl_eca_parametro_limite` (`id_eca`, `id_parametro`, `id_unidad`, `limite_maximo`, `limite_minimo`, `comentario`) VALUES (32, 76, 10, 15, NULL, NULL);
INSERT INTO `watermanagement_db`.`tbl_eca_parametro_limite` (`id_eca`, `id_parametro`, `id_unidad`, `limite_maximo`, `limite_minimo`, `comentario`) VALUES (32, 77, 10, 15, NULL, NULL);
INSERT INTO `watermanagement_db`.`tbl_eca_parametro_limite` (`id_eca`, `id_parametro`, `id_unidad`, `limite_maximo`, `limite_minimo`, `comentario`) VALUES (32, 78, 10, 40, NULL, NULL);
INSERT INTO `watermanagement_db`.`tbl_eca_parametro_limite` (`id_eca`, `id_parametro`, `id_unidad`, `limite_maximo`, `limite_minimo`, `comentario`) VALUES (32, 79, 10, 0.2, NULL, NULL);
INSERT INTO `watermanagement_db`.`tbl_eca_parametro_limite` (`id_eca`, `id_parametro`, `id_unidad`, `limite_maximo`, `limite_minimo`, `comentario`) VALUES (32, 82, 10, 0.0005, NULL, NULL);
INSERT INTO `watermanagement_db`.`tbl_eca_parametro_limite` (`id_eca`, `id_parametro`, `id_unidad`, `limite_maximo`, `limite_minimo`, `comentario`) VALUES (32, 90, 10, 1E-05, NULL, NULL);
INSERT INTO `watermanagement_db`.`tbl_eca_parametro_limite` (`id_eca`, `id_parametro`, `id_unidad`, `limite_maximo`, `limite_minimo`, `comentario`) VALUES (32, 91, 10, 1E-05, NULL, NULL);
INSERT INTO `watermanagement_db`.`tbl_eca_parametro_limite` (`id_eca`, `id_parametro`, `id_unidad`, `limite_maximo`, `limite_minimo`, `comentario`) VALUES (32, 93, 10, 4E-06, NULL, NULL);
INSERT INTO `watermanagement_db`.`tbl_eca_parametro_limite` (`id_eca`, `id_parametro`, `id_unidad`, `limite_maximo`, `limite_minimo`, `comentario`) VALUES (32, 96, 5, 20, NULL, NULL);
INSERT INTO `watermanagement_db`.`tbl_eca_parametro_limite` (`id_eca`, `id_parametro`, `id_unidad`, `limite_maximo`, `limite_minimo`, `comentario`) VALUES (32, 97, 5, 100, NULL, NULL);
INSERT INTO `watermanagement_db`.`tbl_eca_parametro_limite` (`id_eca`, `id_parametro`, `id_unidad`, `limite_maximo`, `limite_minimo`, `comentario`) VALUES (32, 104, 10, 0.002, NULL, NULL);
INSERT INTO `watermanagement_db`.`tbl_eca_parametro_limite` (`id_eca`, `id_parametro`, `id_unidad`, `limite_maximo`, `limite_minimo`, `comentario`) VALUES (32, 107, 10, 1, NULL, NULL);
INSERT INTO `watermanagement_db`.`tbl_eca_parametro_limite` (`id_eca`, `id_parametro`, `id_unidad`, `limite_maximo`, `limite_minimo`, `comentario`) VALUES (32, 111, 10, 1, NULL, NULL);
INSERT INTO `watermanagement_db`.`tbl_eca_parametro_limite` (`id_eca`, `id_parametro`, `id_unidad`, `limite_maximo`, `limite_minimo`, `comentario`) VALUES (32, 126, 10, 1E-05, NULL, NULL);
INSERT INTO `watermanagement_db`.`tbl_eca_parametro_limite` (`id_eca`, `id_parametro`, `id_unidad`, `limite_maximo`, `limite_minimo`, `comentario`) VALUES (32, 137, 10, 5, NULL, NULL);
INSERT INTO `watermanagement_db`.`tbl_eca_parametro_limite` (`id_eca`, `id_parametro`, `id_unidad`, `limite_maximo`, `limite_minimo`, `comentario`) VALUES (32, 138, 3, 1, NULL, NULL);
INSERT INTO `watermanagement_db`.`tbl_eca_parametro_limite` (`id_eca`, `id_parametro`, `id_unidad`, `limite_maximo`, `limite_minimo`, `comentario`) VALUES (32, 145, 10, 0.004, NULL, NULL);
INSERT INTO `watermanagement_db`.`tbl_eca_parametro_limite` (`id_eca`, `id_parametro`, `id_unidad`, `limite_maximo`, `limite_minimo`, `comentario`) VALUES (32, 147, 10, 2.5, NULL, NULL);
INSERT INTO `watermanagement_db`.`tbl_eca_parametro_limite` (`id_eca`, `id_parametro`, `id_unidad`, `limite_maximo`, `limite_minimo`, `comentario`) VALUES (32, 154, 10, 0.2, NULL, NULL);
INSERT INTO `watermanagement_db`.`tbl_eca_parametro_limite` (`id_eca`, `id_parametro`, `id_unidad`, `limite_maximo`, `limite_minimo`, `comentario`) VALUES (32, 156, 10, 0.001, NULL, NULL);
INSERT INTO `watermanagement_db`.`tbl_eca_parametro_limite` (`id_eca`, `id_parametro`, `id_unidad`, `limite_maximo`, `limite_minimo`, `comentario`) VALUES (32, 167, 10, 0.2, NULL, NULL);
INSERT INTO `watermanagement_db`.`tbl_eca_parametro_limite` (`id_eca`, `id_parametro`, `id_unidad`, `limite_maximo`, `limite_minimo`, `comentario`) VALUES (32, 169, 10, 10, NULL, NULL);
INSERT INTO `watermanagement_db`.`tbl_eca_parametro_limite` (`id_eca`, `id_parametro`, `id_unidad`, `limite_maximo`, `limite_minimo`, `comentario`) VALUES (32, 171, 10, 100, NULL, NULL);
INSERT INTO `watermanagement_db`.`tbl_eca_parametro_limite` (`id_eca`, `id_parametro`, `id_unidad`, `limite_maximo`, `limite_minimo`, `comentario`) VALUES (32, 174, 10, NULL, 4, NULL);
INSERT INTO `watermanagement_db`.`tbl_eca_parametro_limite` (`id_eca`, `id_parametro`, `id_unidad`, `limite_maximo`, `limite_minimo`, `comentario`) VALUES (32, 175, 10, NULL, 4, NULL);
INSERT INTO `watermanagement_db`.`tbl_eca_parametro_limite` (`id_eca`, `id_parametro`, `id_unidad`, `limite_maximo`, `limite_minimo`, `comentario`) VALUES (32, 176, 10, 0.035, NULL, NULL);
INSERT INTO `watermanagement_db`.`tbl_eca_parametro_limite` (`id_eca`, `id_parametro`, `id_unidad`, `limite_maximo`, `limite_minimo`, `comentario`) VALUES (32, 177, 12, 8.5, 6.5, NULL);
INSERT INTO `watermanagement_db`.`tbl_eca_parametro_limite` (`id_eca`, `id_parametro`, `id_unidad`, `limite_maximo`, `limite_minimo`, `comentario`) VALUES (32, 178, 12, 8.5, 6.5, NULL);
INSERT INTO `watermanagement_db`.`tbl_eca_parametro_limite` (`id_eca`, `id_parametro`, `id_unidad`, `limite_maximo`, `limite_minimo`, `comentario`) VALUES (32, 181, 10, 0.05, NULL, NULL);
INSERT INTO `watermanagement_db`.`tbl_eca_parametro_limite` (`id_eca`, `id_parametro`, `id_unidad`, `limite_maximo`, `limite_minimo`, `comentario`) VALUES (32, 183, 10, 0.05, NULL, NULL);
INSERT INTO `watermanagement_db`.`tbl_eca_parametro_limite` (`id_eca`, `id_parametro`, `id_unidad`, `limite_maximo`, `limite_minimo`, `comentario`) VALUES (32, 193, 10, 0.02, NULL, NULL);
INSERT INTO `watermanagement_db`.`tbl_eca_parametro_limite` (`id_eca`, `id_parametro`, `id_unidad`, `limite_maximo`, `limite_minimo`, `comentario`) VALUES (32, 202, 10, 200, NULL, NULL);
INSERT INTO `watermanagement_db`.`tbl_eca_parametro_limite` (`id_eca`, `id_parametro`, `id_unidad`, `limite_maximo`, `limite_minimo`, `comentario`) VALUES (32, 206, 10, 1000, NULL, NULL);
INSERT INTO `watermanagement_db`.`tbl_eca_parametro_limite` (`id_eca`, `id_parametro`, `id_unidad`, `limite_maximo`, `limite_minimo`, `comentario`) VALUES (32, 209, 10, 0.05, NULL, NULL);
INSERT INTO `watermanagement_db`.`tbl_eca_parametro_limite` (`id_eca`, `id_parametro`, `id_unidad`, `limite_maximo`, `limite_minimo`, `comentario`) VALUES (32, 240, 10, 2, NULL, NULL);
INSERT INTO `watermanagement_db`.`tbl_eca_parametro_limite` (`id_eca`, `id_parametro`, `id_unidad`, `limite_maximo`, `limite_minimo`, `comentario`) VALUES (33, 7, 10, 5, NULL, NULL);
INSERT INTO `watermanagement_db`.`tbl_eca_parametro_limite` (`id_eca`, `id_parametro`, `id_unidad`, `limite_maximo`, `limite_minimo`, `comentario`) VALUES (33, 19, 10, 0.4, NULL, NULL);
INSERT INTO `watermanagement_db`.`tbl_eca_parametro_limite` (`id_eca`, `id_parametro`, `id_unidad`, `limite_maximo`, `limite_minimo`, `comentario`) VALUES (33, 23, 10, 0.036, NULL, NULL);
INSERT INTO `watermanagement_db`.`tbl_eca_parametro_limite` (`id_eca`, `id_parametro`, `id_unidad`, `limite_maximo`, `limite_minimo`, `comentario`) VALUES (33, 25, 10, 1, NULL, NULL);
INSERT INTO `watermanagement_db`.`tbl_eca_parametro_limite` (`id_eca`, `id_parametro`, `id_unidad`, `limite_maximo`, `limite_minimo`, `comentario`) VALUES (33, 26, 10, 0.05, NULL, NULL);
INSERT INTO `watermanagement_db`.`tbl_eca_parametro_limite` (`id_eca`, `id_parametro`, `id_unidad`, `limite_maximo`, `limite_minimo`, `comentario`) VALUES (33, 28, 10, 0.0001, NULL, NULL);
INSERT INTO `watermanagement_db`.`tbl_eca_parametro_limite` (`id_eca`, `id_parametro`, `id_unidad`, `limite_maximo`, `limite_minimo`, `comentario`) VALUES (33, 41, 10, 0.0088, NULL, NULL);
INSERT INTO `watermanagement_db`.`tbl_eca_parametro_limite` (`id_eca`, `id_parametro`, `id_unidad`, `limite_maximo`, `limite_minimo`, `comentario`) VALUES (33, 50, 10, 0.022, NULL, NULL);
INSERT INTO `watermanagement_db`.`tbl_eca_parametro_limite` (`id_eca`, `id_parametro`, `id_unidad`, `limite_maximo`, `limite_minimo`, `comentario`) VALUES (33, 51, 10, 0.001, NULL, NULL);
INSERT INTO `watermanagement_db`.`tbl_eca_parametro_limite` (`id_eca`, `id_parametro`, `id_unidad`, `limite_maximo`, `limite_minimo`, `comentario`) VALUES (33, 64, 10, 0.05, NULL, NULL);
INSERT INTO `watermanagement_db`.`tbl_eca_parametro_limite` (`id_eca`, `id_parametro`, `id_unidad`, `limite_maximo`, `limite_minimo`, `comentario`) VALUES (33, 65, 5, 1000, NULL, NULL);
INSERT INTO `watermanagement_db`.`tbl_eca_parametro_limite` (`id_eca`, `id_parametro`, `id_unidad`, `limite_maximo`, `limite_minimo`, `comentario`) VALUES (33, 66, 5, 2000, NULL, NULL);
INSERT INTO `watermanagement_db`.`tbl_eca_parametro_limite` (`id_eca`, `id_parametro`, `id_unidad`, `limite_maximo`, `limite_minimo`, `comentario`) VALUES (33, 74, 10, 0.05, NULL, NULL);
INSERT INTO `watermanagement_db`.`tbl_eca_parametro_limite` (`id_eca`, `id_parametro`, `id_unidad`, `limite_maximo`, `limite_minimo`, `comentario`) VALUES (33, 76, 10, 15, NULL, NULL);
INSERT INTO `watermanagement_db`.`tbl_eca_parametro_limite` (`id_eca`, `id_parametro`, `id_unidad`, `limite_maximo`, `limite_minimo`, `comentario`) VALUES (33, 77, 10, 15, NULL, NULL);
INSERT INTO `watermanagement_db`.`tbl_eca_parametro_limite` (`id_eca`, `id_parametro`, `id_unidad`, `limite_maximo`, `limite_minimo`, `comentario`) VALUES (33, 82, 10, 1.9E-05, NULL, NULL);
INSERT INTO `watermanagement_db`.`tbl_eca_parametro_limite` (`id_eca`, `id_parametro`, `id_unidad`, `limite_maximo`, `limite_minimo`, `comentario`) VALUES (33, 90, 10, 8.7E-06, NULL, NULL);
INSERT INTO `watermanagement_db`.`tbl_eca_parametro_limite` (`id_eca`, `id_parametro`, `id_unidad`, `limite_maximo`, `limite_minimo`, `comentario`) VALUES (33, 91, 10, 8.7E-06, NULL, NULL);
INSERT INTO `watermanagement_db`.`tbl_eca_parametro_limite` (`id_eca`, `id_parametro`, `id_unidad`, `limite_maximo`, `limite_minimo`, `comentario`) VALUES (33, 93, 10, 2.3E-06, NULL, NULL);
INSERT INTO `watermanagement_db`.`tbl_eca_parametro_limite` (`id_eca`, `id_parametro`, `id_unidad`, `limite_maximo`, `limite_minimo`, `comentario`) VALUES (33, 104, 10, 5.8, NULL, NULL);
INSERT INTO `watermanagement_db`.`tbl_eca_parametro_limite` (`id_eca`, `id_parametro`, `id_unidad`, `limite_maximo`, `limite_minimo`, `comentario`) VALUES (33, 105, 10, 0.001, NULL, NULL);
INSERT INTO `watermanagement_db`.`tbl_eca_parametro_limite` (`id_eca`, `id_parametro`, `id_unidad`, `limite_maximo`, `limite_minimo`, `comentario`) VALUES (33, 117, 10, 0.124, NULL, NULL);
INSERT INTO `watermanagement_db`.`tbl_eca_parametro_limite` (`id_eca`, `id_parametro`, `id_unidad`, `limite_maximo`, `limite_minimo`, `comentario`) VALUES (33, 125, 10, 3.6E-06, NULL, NULL);
INSERT INTO `watermanagement_db`.`tbl_eca_parametro_limite` (`id_eca`, `id_parametro`, `id_unidad`, `limite_maximo`, `limite_minimo`, `comentario`) VALUES (33, 126, 10, 3.6E-06, NULL, NULL);
INSERT INTO `watermanagement_db`.`tbl_eca_parametro_limite` (`id_eca`, `id_parametro`, `id_unidad`, `limite_maximo`, `limite_minimo`, `comentario`) VALUES (33, 127, 10, 0.0006, NULL, NULL);
INSERT INTO `watermanagement_db`.`tbl_eca_parametro_limite` (`id_eca`, `id_parametro`, `id_unidad`, `limite_maximo`, `limite_minimo`, `comentario`) VALUES (33, 128, 10, 0.5, NULL, NULL);
INSERT INTO `watermanagement_db`.`tbl_eca_parametro_limite` (`id_eca`, `id_parametro`, `id_unidad`, `limite_maximo`, `limite_minimo`, `comentario`) VALUES (33, 152, 10, 0.0001, NULL, NULL);
INSERT INTO `watermanagement_db`.`tbl_eca_parametro_limite` (`id_eca`, `id_parametro`, `id_unidad`, `limite_maximo`, `limite_minimo`, `comentario`) VALUES (33, 156, 10, 0.0001, NULL, NULL);
INSERT INTO `watermanagement_db`.`tbl_eca_parametro_limite` (`id_eca`, `id_parametro`, `id_unidad`, `limite_maximo`, `limite_minimo`, `comentario`) VALUES (33, 167, 10, 0.0082, NULL, NULL);
INSERT INTO `watermanagement_db`.`tbl_eca_parametro_limite` (`id_eca`, `id_parametro`, `id_unidad`, `limite_maximo`, `limite_minimo`, `comentario`) VALUES (33, 168, 10, 200, NULL, NULL);
INSERT INTO `watermanagement_db`.`tbl_eca_parametro_limite` (`id_eca`, `id_parametro`, `id_unidad`, `limite_maximo`, `limite_minimo`, `comentario`) VALUES (33, 170, 10, 0.05, NULL, NULL);
INSERT INTO `watermanagement_db`.`tbl_eca_parametro_limite` (`id_eca`, `id_parametro`, `id_unidad`, `limite_maximo`, `limite_minimo`, `comentario`) VALUES (33, 174, 10, NULL, 4, NULL);
INSERT INTO `watermanagement_db`.`tbl_eca_parametro_limite` (`id_eca`, `id_parametro`, `id_unidad`, `limite_maximo`, `limite_minimo`, `comentario`) VALUES (33, 175, 10, NULL, 4, NULL);
INSERT INTO `watermanagement_db`.`tbl_eca_parametro_limite` (`id_eca`, `id_parametro`, `id_unidad`, `limite_maximo`, `limite_minimo`, `comentario`) VALUES (33, 177, 12, 8.5, 6.8, NULL);
INSERT INTO `watermanagement_db`.`tbl_eca_parametro_limite` (`id_eca`, `id_parametro`, `id_unidad`, `limite_maximo`, `limite_minimo`, `comentario`) VALUES (33, 178, 12, 8.5, 6.8, NULL);
INSERT INTO `watermanagement_db`.`tbl_eca_parametro_limite` (`id_eca`, `id_parametro`, `id_unidad`, `limite_maximo`, `limite_minimo`, `comentario`) VALUES (33, 183, 10, 0.0081, NULL, NULL);
INSERT INTO `watermanagement_db`.`tbl_eca_parametro_limite` (`id_eca`, `id_parametro`, `id_unidad`, `limite_maximo`, `limite_minimo`, `comentario`) VALUES (33, 193, 10, 0.071, NULL, NULL);
INSERT INTO `watermanagement_db`.`tbl_eca_parametro_limite` (`id_eca`, `id_parametro`, `id_unidad`, `limite_maximo`, `limite_minimo`, `comentario`) VALUES (33, 203, 10, 500, NULL, NULL);
INSERT INTO `watermanagement_db`.`tbl_eca_parametro_limite` (`id_eca`, `id_parametro`, `id_unidad`, `limite_maximo`, `limite_minimo`, `comentario`) VALUES (33, 204, 10, 500, NULL, NULL);
INSERT INTO `watermanagement_db`.`tbl_eca_parametro_limite` (`id_eca`, `id_parametro`, `id_unidad`, `limite_maximo`, `limite_minimo`, `comentario`) VALUES (33, 205, 10, 100, NULL, NULL);
INSERT INTO `watermanagement_db`.`tbl_eca_parametro_limite` (`id_eca`, `id_parametro`, `id_unidad`, `limite_maximo`, `limite_minimo`, `comentario`) VALUES (33, 209, 10, 0.002, NULL, NULL);
INSERT INTO `watermanagement_db`.`tbl_eca_parametro_limite` (`id_eca`, `id_parametro`, `id_unidad`, `limite_maximo`, `limite_minimo`, `comentario`) VALUES (33, 240, 10, 0.081, NULL, NULL);
INSERT INTO `watermanagement_db`.`tbl_eca_parametro_limite` (`id_eca`, `id_parametro`, `id_unidad`, `limite_maximo`, `limite_minimo`, `comentario`) VALUES (34, 7, 10, 5, NULL, NULL);
INSERT INTO `watermanagement_db`.`tbl_eca_parametro_limite` (`id_eca`, `id_parametro`, `id_unidad`, `limite_maximo`, `limite_minimo`, `comentario`) VALUES (34, 19, 10, 0.55, NULL, NULL);
INSERT INTO `watermanagement_db`.`tbl_eca_parametro_limite` (`id_eca`, `id_parametro`, `id_unidad`, `limite_maximo`, `limite_minimo`, `comentario`) VALUES (34, 23, 10, 0.036, NULL, NULL);
INSERT INTO `watermanagement_db`.`tbl_eca_parametro_limite` (`id_eca`, `id_parametro`, `id_unidad`, `limite_maximo`, `limite_minimo`, `comentario`) VALUES (34, 26, 10, 0.05, NULL, NULL);
INSERT INTO `watermanagement_db`.`tbl_eca_parametro_limite` (`id_eca`, `id_parametro`, `id_unidad`, `limite_maximo`, `limite_minimo`, `comentario`) VALUES (34, 28, 10, 0.0001, NULL, NULL);
INSERT INTO `watermanagement_db`.`tbl_eca_parametro_limite` (`id_eca`, `id_parametro`, `id_unidad`, `limite_maximo`, `limite_minimo`, `comentario`) VALUES (34, 41, 10, 0.0088, NULL, NULL);
INSERT INTO `watermanagement_db`.`tbl_eca_parametro_limite` (`id_eca`, `id_parametro`, `id_unidad`, `limite_maximo`, `limite_minimo`, `comentario`) VALUES (34, 50, 10, 0.022, NULL, NULL);
INSERT INTO `watermanagement_db`.`tbl_eca_parametro_limite` (`id_eca`, `id_parametro`, `id_unidad`, `limite_maximo`, `limite_minimo`, `comentario`) VALUES (34, 51, 10, 0.001, NULL, NULL);
INSERT INTO `watermanagement_db`.`tbl_eca_parametro_limite` (`id_eca`, `id_parametro`, `id_unidad`, `limite_maximo`, `limite_minimo`, `comentario`) VALUES (34, 64, 10, 0.05, NULL, NULL);
INSERT INTO `watermanagement_db`.`tbl_eca_parametro_limite` (`id_eca`, `id_parametro`, `id_unidad`, `limite_maximo`, `limite_minimo`, `comentario`) VALUES (34, 65, 5, 2000, NULL, NULL);
INSERT INTO `watermanagement_db`.`tbl_eca_parametro_limite` (`id_eca`, `id_parametro`, `id_unidad`, `limite_maximo`, `limite_minimo`, `comentario`) VALUES (34, 66, 5, 30, NULL, NULL);
INSERT INTO `watermanagement_db`.`tbl_eca_parametro_limite` (`id_eca`, `id_parametro`, `id_unidad`, `limite_maximo`, `limite_minimo`, `comentario`) VALUES (34, 74, 10, 0.05, NULL, NULL);
INSERT INTO `watermanagement_db`.`tbl_eca_parametro_limite` (`id_eca`, `id_parametro`, `id_unidad`, `limite_maximo`, `limite_minimo`, `comentario`) VALUES (34, 76, 10, 10, NULL, NULL);
INSERT INTO `watermanagement_db`.`tbl_eca_parametro_limite` (`id_eca`, `id_parametro`, `id_unidad`, `limite_maximo`, `limite_minimo`, `comentario`) VALUES (34, 77, 10, 10, NULL, NULL);
INSERT INTO `watermanagement_db`.`tbl_eca_parametro_limite` (`id_eca`, `id_parametro`, `id_unidad`, `limite_maximo`, `limite_minimo`, `comentario`) VALUES (34, 82, 10, 1.9E-05, NULL, NULL);
INSERT INTO `watermanagement_db`.`tbl_eca_parametro_limite` (`id_eca`, `id_parametro`, `id_unidad`, `limite_maximo`, `limite_minimo`, `comentario`) VALUES (34, 90, 10, 8.7E-06, NULL, NULL);
INSERT INTO `watermanagement_db`.`tbl_eca_parametro_limite` (`id_eca`, `id_parametro`, `id_unidad`, `limite_maximo`, `limite_minimo`, `comentario`) VALUES (34, 91, 10, 8.7E-06, NULL, NULL);
INSERT INTO `watermanagement_db`.`tbl_eca_parametro_limite` (`id_eca`, `id_parametro`, `id_unidad`, `limite_maximo`, `limite_minimo`, `comentario`) VALUES (34, 93, 10, 2.3E-06, NULL, NULL);
INSERT INTO `watermanagement_db`.`tbl_eca_parametro_limite` (`id_eca`, `id_parametro`, `id_unidad`, `limite_maximo`, `limite_minimo`, `comentario`) VALUES (34, 104, 10, 5.8, NULL, NULL);
INSERT INTO `watermanagement_db`.`tbl_eca_parametro_limite` (`id_eca`, `id_parametro`, `id_unidad`, `limite_maximo`, `limite_minimo`, `comentario`) VALUES (34, 105, 10, 0.001, NULL, NULL);
INSERT INTO `watermanagement_db`.`tbl_eca_parametro_limite` (`id_eca`, `id_parametro`, `id_unidad`, `limite_maximo`, `limite_minimo`, `comentario`) VALUES (34, 117, 10, 0.062, NULL, NULL);
INSERT INTO `watermanagement_db`.`tbl_eca_parametro_limite` (`id_eca`, `id_parametro`, `id_unidad`, `limite_maximo`, `limite_minimo`, `comentario`) VALUES (34, 125, 10, 3.6E-06, NULL, NULL);
INSERT INTO `watermanagement_db`.`tbl_eca_parametro_limite` (`id_eca`, `id_parametro`, `id_unidad`, `limite_maximo`, `limite_minimo`, `comentario`) VALUES (34, 126, 10, 3.6E-06, NULL, NULL);
INSERT INTO `watermanagement_db`.`tbl_eca_parametro_limite` (`id_eca`, `id_parametro`, `id_unidad`, `limite_maximo`, `limite_minimo`, `comentario`) VALUES (34, 127, 10, 0.0006, NULL, NULL);
INSERT INTO `watermanagement_db`.`tbl_eca_parametro_limite` (`id_eca`, `id_parametro`, `id_unidad`, `limite_maximo`, `limite_minimo`, `comentario`) VALUES (34, 128, 10, 0.5, NULL, NULL);
INSERT INTO `watermanagement_db`.`tbl_eca_parametro_limite` (`id_eca`, `id_parametro`, `id_unidad`, `limite_maximo`, `limite_minimo`, `comentario`) VALUES (34, 152, 10, 0.0001, NULL, NULL);
INSERT INTO `watermanagement_db`.`tbl_eca_parametro_limite` (`id_eca`, `id_parametro`, `id_unidad`, `limite_maximo`, `limite_minimo`, `comentario`) VALUES (34, 156, 10, 0.0001, NULL, NULL);
INSERT INTO `watermanagement_db`.`tbl_eca_parametro_limite` (`id_eca`, `id_parametro`, `id_unidad`, `limite_maximo`, `limite_minimo`, `comentario`) VALUES (34, 167, 10, 0.0082, NULL, NULL);
INSERT INTO `watermanagement_db`.`tbl_eca_parametro_limite` (`id_eca`, `id_parametro`, `id_unidad`, `limite_maximo`, `limite_minimo`, `comentario`) VALUES (34, 168, 10, 200, NULL, NULL);
INSERT INTO `watermanagement_db`.`tbl_eca_parametro_limite` (`id_eca`, `id_parametro`, `id_unidad`, `limite_maximo`, `limite_minimo`, `comentario`) VALUES (34, 170, 10, 0.08, NULL, NULL);
INSERT INTO `watermanagement_db`.`tbl_eca_parametro_limite` (`id_eca`, `id_parametro`, `id_unidad`, `limite_maximo`, `limite_minimo`, `comentario`) VALUES (34, 174, 10, NULL, 4, NULL);
INSERT INTO `watermanagement_db`.`tbl_eca_parametro_limite` (`id_eca`, `id_parametro`, `id_unidad`, `limite_maximo`, `limite_minimo`, `comentario`) VALUES (34, 175, 10, NULL, 4, NULL);
INSERT INTO `watermanagement_db`.`tbl_eca_parametro_limite` (`id_eca`, `id_parametro`, `id_unidad`, `limite_maximo`, `limite_minimo`, `comentario`) VALUES (34, 177, 12, 8.5, 6.8, NULL);
INSERT INTO `watermanagement_db`.`tbl_eca_parametro_limite` (`id_eca`, `id_parametro`, `id_unidad`, `limite_maximo`, `limite_minimo`, `comentario`) VALUES (34, 178, 12, 8.5, 6.8, NULL);
INSERT INTO `watermanagement_db`.`tbl_eca_parametro_limite` (`id_eca`, `id_parametro`, `id_unidad`, `limite_maximo`, `limite_minimo`, `comentario`) VALUES (34, 183, 10, 0.0081, NULL, NULL);
INSERT INTO `watermanagement_db`.`tbl_eca_parametro_limite` (`id_eca`, `id_parametro`, `id_unidad`, `limite_maximo`, `limite_minimo`, `comentario`) VALUES (34, 193, 10, 0.071, NULL, NULL);
INSERT INTO `watermanagement_db`.`tbl_eca_parametro_limite` (`id_eca`, `id_parametro`, `id_unidad`, `limite_maximo`, `limite_minimo`, `comentario`) VALUES (34, 205, 10, 30, NULL, NULL);
INSERT INTO `watermanagement_db`.`tbl_eca_parametro_limite` (`id_eca`, `id_parametro`, `id_unidad`, `limite_maximo`, `limite_minimo`, `comentario`) VALUES (34, 209, 10, 0.002, NULL, NULL);
INSERT INTO `watermanagement_db`.`tbl_eca_parametro_limite` (`id_eca`, `id_parametro`, `id_unidad`, `limite_maximo`, `limite_minimo`, `comentario`) VALUES (34, 240, 10, 0.081, NULL, NULL);
INSERT INTO `watermanagement_db`.`tbl_eca_parametro_limite` (`id_eca`, `id_parametro`, `id_unidad`, `limite_maximo`, `limite_minimo`, `comentario`) VALUES (35, 7, 10, 5, NULL, NULL);
INSERT INTO `watermanagement_db`.`tbl_eca_parametro_limite` (`id_eca`, `id_parametro`, `id_unidad`, `limite_maximo`, `limite_minimo`, `comentario`) VALUES (35, 15, 10, 4E-06, NULL, NULL);
INSERT INTO `watermanagement_db`.`tbl_eca_parametro_limite` (`id_eca`, `id_parametro`, `id_unidad`, `limite_maximo`, `limite_minimo`, `comentario`) VALUES (35, 19, 10, 1.9, NULL, NULL);
INSERT INTO `watermanagement_db`.`tbl_eca_parametro_limite` (`id_eca`, `id_parametro`, `id_unidad`, `limite_maximo`, `limite_minimo`, `comentario`) VALUES (35, 21, 10, 0.61, NULL, NULL);
INSERT INTO `watermanagement_db`.`tbl_eca_parametro_limite` (`id_eca`, `id_parametro`, `id_unidad`, `limite_maximo`, `limite_minimo`, `comentario`) VALUES (35, 23, 10, 0.15, NULL, NULL);
INSERT INTO `watermanagement_db`.`tbl_eca_parametro_limite` (`id_eca`, `id_parametro`, `id_unidad`, `limite_maximo`, `limite_minimo`, `comentario`) VALUES (35, 25, 10, 0.7, NULL, NULL);
INSERT INTO `watermanagement_db`.`tbl_eca_parametro_limite` (`id_eca`, `id_parametro`, `id_unidad`, `limite_maximo`, `limite_minimo`, `comentario`) VALUES (35, 26, 10, 0.05, NULL, NULL);
INSERT INTO `watermanagement_db`.`tbl_eca_parametro_limite` (`id_eca`, `id_parametro`, `id_unidad`, `limite_maximo`, `limite_minimo`, `comentario`) VALUES (35, 28, 10, 0.0001, NULL, NULL);
INSERT INTO `watermanagement_db`.`tbl_eca_parametro_limite` (`id_eca`, `id_parametro`, `id_unidad`, `limite_maximo`, `limite_minimo`, `comentario`) VALUES (35, 41, 10, 0.00025, NULL, NULL);
INSERT INTO `watermanagement_db`.`tbl_eca_parametro_limite` (`id_eca`, `id_parametro`, `id_unidad`, `limite_maximo`, `limite_minimo`, `comentario`) VALUES (35, 50, 10, 0.022, NULL, NULL);
INSERT INTO `watermanagement_db`.`tbl_eca_parametro_limite` (`id_eca`, `id_parametro`, `id_unidad`, `limite_maximo`, `limite_minimo`, `comentario`) VALUES (35, 51, 10, 0.0052, NULL, NULL);
INSERT INTO `watermanagement_db`.`tbl_eca_parametro_limite` (`id_eca`, `id_parametro`, `id_unidad`, `limite_maximo`, `limite_minimo`, `comentario`) VALUES (35, 64, 10, 0.1, NULL, NULL);
INSERT INTO `watermanagement_db`.`tbl_eca_parametro_limite` (`id_eca`, `id_parametro`, `id_unidad`, `limite_maximo`, `limite_minimo`, `comentario`) VALUES (35, 65, 5, 1000, NULL, NULL);
INSERT INTO `watermanagement_db`.`tbl_eca_parametro_limite` (`id_eca`, `id_parametro`, `id_unidad`, `limite_maximo`, `limite_minimo`, `comentario`) VALUES (35, 66, 5, 2000, NULL, NULL);
INSERT INTO `watermanagement_db`.`tbl_eca_parametro_limite` (`id_eca`, `id_parametro`, `id_unidad`, `limite_maximo`, `limite_minimo`, `comentario`) VALUES (35, 67, 7, 20, NULL, NULL);
INSERT INTO `watermanagement_db`.`tbl_eca_parametro_limite` (`id_eca`, `id_parametro`, `id_unidad`, `limite_maximo`, `limite_minimo`, `comentario`) VALUES (35, 68, 8, 1000, NULL, NULL);
INSERT INTO `watermanagement_db`.`tbl_eca_parametro_limite` (`id_eca`, `id_parametro`, `id_unidad`, `limite_maximo`, `limite_minimo`, `comentario`) VALUES (35, 69, 8, 1000, NULL, NULL);
INSERT INTO `watermanagement_db`.`tbl_eca_parametro_limite` (`id_eca`, `id_parametro`, `id_unidad`, `limite_maximo`, `limite_minimo`, `comentario`) VALUES (35, 74, 10, 0.011, NULL, NULL);
INSERT INTO `watermanagement_db`.`tbl_eca_parametro_limite` (`id_eca`, `id_parametro`, `id_unidad`, `limite_maximo`, `limite_minimo`, `comentario`) VALUES (35, 76, 10, 5, NULL, NULL);
INSERT INTO `watermanagement_db`.`tbl_eca_parametro_limite` (`id_eca`, `id_parametro`, `id_unidad`, `limite_maximo`, `limite_minimo`, `comentario`) VALUES (35, 77, 10, 5, NULL, NULL);
INSERT INTO `watermanagement_db`.`tbl_eca_parametro_limite` (`id_eca`, `id_parametro`, `id_unidad`, `limite_maximo`, `limite_minimo`, `comentario`) VALUES (35, 82, 10, 5.6E-05, NULL, NULL);
INSERT INTO `watermanagement_db`.`tbl_eca_parametro_limite` (`id_eca`, `id_parametro`, `id_unidad`, `limite_maximo`, `limite_minimo`, `comentario`) VALUES (35, 90, 10, 5.6E-05, NULL, NULL);
INSERT INTO `watermanagement_db`.`tbl_eca_parametro_limite` (`id_eca`, `id_parametro`, `id_unidad`, `limite_maximo`, `limite_minimo`, `comentario`) VALUES (35, 91, 10, 5.6E-05, NULL, NULL);
INSERT INTO `watermanagement_db`.`tbl_eca_parametro_limite` (`id_eca`, `id_parametro`, `id_unidad`, `limite_maximo`, `limite_minimo`, `comentario`) VALUES (35, 93, 10, 3.6E-05, NULL, NULL);
INSERT INTO `watermanagement_db`.`tbl_eca_parametro_limite` (`id_eca`, `id_parametro`, `id_unidad`, `limite_maximo`, `limite_minimo`, `comentario`) VALUES (35, 104, 10, 2.56, NULL, NULL);
INSERT INTO `watermanagement_db`.`tbl_eca_parametro_limite` (`id_eca`, `id_parametro`, `id_unidad`, `limite_maximo`, `limite_minimo`, `comentario`) VALUES (35, 105, 10, 0.001, NULL, NULL);
INSERT INTO `watermanagement_db`.`tbl_eca_parametro_limite` (`id_eca`, `id_parametro`, `id_unidad`, `limite_maximo`, `limite_minimo`, `comentario`) VALUES (35, 117, 10, 0.035, NULL, NULL);
INSERT INTO `watermanagement_db`.`tbl_eca_parametro_limite` (`id_eca`, `id_parametro`, `id_unidad`, `limite_maximo`, `limite_minimo`, `comentario`) VALUES (35, 125, 10, 3.8E-06, NULL, NULL);
INSERT INTO `watermanagement_db`.`tbl_eca_parametro_limite` (`id_eca`, `id_parametro`, `id_unidad`, `limite_maximo`, `limite_minimo`, `comentario`) VALUES (35, 126, 10, 3.8E-06, NULL, NULL);
INSERT INTO `watermanagement_db`.`tbl_eca_parametro_limite` (`id_eca`, `id_parametro`, `id_unidad`, `limite_maximo`, `limite_minimo`, `comentario`) VALUES (35, 127, 10, 0.0006, NULL, NULL);
INSERT INTO `watermanagement_db`.`tbl_eca_parametro_limite` (`id_eca`, `id_parametro`, `id_unidad`, `limite_maximo`, `limite_minimo`, `comentario`) VALUES (35, 128, 10, 0.5, NULL, NULL);
INSERT INTO `watermanagement_db`.`tbl_eca_parametro_limite` (`id_eca`, `id_parametro`, `id_unidad`, `limite_maximo`, `limite_minimo`, `comentario`) VALUES (35, 145, 10, 0.00095, NULL, NULL);
INSERT INTO `watermanagement_db`.`tbl_eca_parametro_limite` (`id_eca`, `id_parametro`, `id_unidad`, `limite_maximo`, `limite_minimo`, `comentario`) VALUES (35, 152, 10, 0.0001, NULL, NULL);
INSERT INTO `watermanagement_db`.`tbl_eca_parametro_limite` (`id_eca`, `id_parametro`, `id_unidad`, `limite_maximo`, `limite_minimo`, `comentario`) VALUES (35, 156, 10, 0.0001, NULL, NULL);
INSERT INTO `watermanagement_db`.`tbl_eca_parametro_limite` (`id_eca`, `id_parametro`, `id_unidad`, `limite_maximo`, `limite_minimo`, `comentario`) VALUES (35, 167, 10, 0.052, NULL, NULL);
INSERT INTO `watermanagement_db`.`tbl_eca_parametro_limite` (`id_eca`, `id_parametro`, `id_unidad`, `limite_maximo`, `limite_minimo`, `comentario`) VALUES (35, 168, 10, 13, NULL, NULL);
INSERT INTO `watermanagement_db`.`tbl_eca_parametro_limite` (`id_eca`, `id_parametro`, `id_unidad`, `limite_maximo`, `limite_minimo`, `comentario`) VALUES (35, 170, 10, 0.02, NULL, NULL);
INSERT INTO `watermanagement_db`.`tbl_eca_parametro_limite` (`id_eca`, `id_parametro`, `id_unidad`, `limite_maximo`, `limite_minimo`, `comentario`) VALUES (35, 172, 10, 0.315, NULL, NULL);
INSERT INTO `watermanagement_db`.`tbl_eca_parametro_limite` (`id_eca`, `id_parametro`, `id_unidad`, `limite_maximo`, `limite_minimo`, `comentario`) VALUES (35, 174, 10, NULL, 5, NULL);
INSERT INTO `watermanagement_db`.`tbl_eca_parametro_limite` (`id_eca`, `id_parametro`, `id_unidad`, `limite_maximo`, `limite_minimo`, `comentario`) VALUES (35, 175, 10, NULL, 5, NULL);
INSERT INTO `watermanagement_db`.`tbl_eca_parametro_limite` (`id_eca`, `id_parametro`, `id_unidad`, `limite_maximo`, `limite_minimo`, `comentario`) VALUES (35, 176, 10, 1.3E-05, NULL, NULL);
INSERT INTO `watermanagement_db`.`tbl_eca_parametro_limite` (`id_eca`, `id_parametro`, `id_unidad`, `limite_maximo`, `limite_minimo`, `comentario`) VALUES (35, 177, 12, 9, 6.5, NULL);
INSERT INTO `watermanagement_db`.`tbl_eca_parametro_limite` (`id_eca`, `id_parametro`, `id_unidad`, `limite_maximo`, `limite_minimo`, `comentario`) VALUES (35, 178, 12, 9, 6.5, NULL);
INSERT INTO `watermanagement_db`.`tbl_eca_parametro_limite` (`id_eca`, `id_parametro`, `id_unidad`, `limite_maximo`, `limite_minimo`, `comentario`) VALUES (35, 183, 10, 0.0025, NULL, NULL);
INSERT INTO `watermanagement_db`.`tbl_eca_parametro_limite` (`id_eca`, `id_parametro`, `id_unidad`, `limite_maximo`, `limite_minimo`, `comentario`) VALUES (35, 193, 10, 0.005, NULL, NULL);
INSERT INTO `watermanagement_db`.`tbl_eca_parametro_limite` (`id_eca`, `id_parametro`, `id_unidad`, `limite_maximo`, `limite_minimo`, `comentario`) VALUES (35, 203, 10, 500, NULL, NULL);
INSERT INTO `watermanagement_db`.`tbl_eca_parametro_limite` (`id_eca`, `id_parametro`, `id_unidad`, `limite_maximo`, `limite_minimo`, `comentario`) VALUES (35, 204, 10, 500, NULL, NULL);
INSERT INTO `watermanagement_db`.`tbl_eca_parametro_limite` (`id_eca`, `id_parametro`, `id_unidad`, `limite_maximo`, `limite_minimo`, `comentario`) VALUES (35, 205, 10, 25, NULL, NULL);
INSERT INTO `watermanagement_db`.`tbl_eca_parametro_limite` (`id_eca`, `id_parametro`, `id_unidad`, `limite_maximo`, `limite_minimo`, `comentario`) VALUES (35, 209, 10, 0.002, NULL, NULL);
INSERT INTO `watermanagement_db`.`tbl_eca_parametro_limite` (`id_eca`, `id_parametro`, `id_unidad`, `limite_maximo`, `limite_minimo`, `comentario`) VALUES (35, 211, 10, 0.0008, NULL, NULL);
INSERT INTO `watermanagement_db`.`tbl_eca_parametro_limite` (`id_eca`, `id_parametro`, `id_unidad`, `limite_maximo`, `limite_minimo`, `comentario`) VALUES (35, 240, 10, 0.12, NULL, NULL);
INSERT INTO `watermanagement_db`.`tbl_eca_parametro_limite` (`id_eca`, `id_parametro`, `id_unidad`, `limite_maximo`, `limite_minimo`, `comentario`) VALUES (36, 7, 10, 5, NULL, NULL);
INSERT INTO `watermanagement_db`.`tbl_eca_parametro_limite` (`id_eca`, `id_parametro`, `id_unidad`, `limite_maximo`, `limite_minimo`, `comentario`) VALUES (36, 15, 10, 4E-06, NULL, NULL);
INSERT INTO `watermanagement_db`.`tbl_eca_parametro_limite` (`id_eca`, `id_parametro`, `id_unidad`, `limite_maximo`, `limite_minimo`, `comentario`) VALUES (36, 19, 10, 1.9, NULL, NULL);
INSERT INTO `watermanagement_db`.`tbl_eca_parametro_limite` (`id_eca`, `id_parametro`, `id_unidad`, `limite_maximo`, `limite_minimo`, `comentario`) VALUES (36, 21, 10, 1.6, NULL, NULL);
INSERT INTO `watermanagement_db`.`tbl_eca_parametro_limite` (`id_eca`, `id_parametro`, `id_unidad`, `limite_maximo`, `limite_minimo`, `comentario`) VALUES (36, 23, 10, 0.15, NULL, NULL);
INSERT INTO `watermanagement_db`.`tbl_eca_parametro_limite` (`id_eca`, `id_parametro`, `id_unidad`, `limite_maximo`, `limite_minimo`, `comentario`) VALUES (36, 25, 10, 0.7, NULL, NULL);
INSERT INTO `watermanagement_db`.`tbl_eca_parametro_limite` (`id_eca`, `id_parametro`, `id_unidad`, `limite_maximo`, `limite_minimo`, `comentario`) VALUES (36, 26, 10, 0.05, NULL, NULL);
INSERT INTO `watermanagement_db`.`tbl_eca_parametro_limite` (`id_eca`, `id_parametro`, `id_unidad`, `limite_maximo`, `limite_minimo`, `comentario`) VALUES (36, 28, 10, 0.0001, NULL, NULL);
INSERT INTO `watermanagement_db`.`tbl_eca_parametro_limite` (`id_eca`, `id_parametro`, `id_unidad`, `limite_maximo`, `limite_minimo`, `comentario`) VALUES (36, 41, 10, 0.00025, NULL, NULL);
INSERT INTO `watermanagement_db`.`tbl_eca_parametro_limite` (`id_eca`, `id_parametro`, `id_unidad`, `limite_maximo`, `limite_minimo`, `comentario`) VALUES (36, 50, 10, 0.022, NULL, NULL);
INSERT INTO `watermanagement_db`.`tbl_eca_parametro_limite` (`id_eca`, `id_parametro`, `id_unidad`, `limite_maximo`, `limite_minimo`, `comentario`) VALUES (36, 51, 10, 0.0052, NULL, NULL);
INSERT INTO `watermanagement_db`.`tbl_eca_parametro_limite` (`id_eca`, `id_parametro`, `id_unidad`, `limite_maximo`, `limite_minimo`, `comentario`) VALUES (36, 64, 10, 0.1, NULL, NULL);
INSERT INTO `watermanagement_db`.`tbl_eca_parametro_limite` (`id_eca`, `id_parametro`, `id_unidad`, `limite_maximo`, `limite_minimo`, `comentario`) VALUES (36, 65, 5, 2000, NULL, NULL);
INSERT INTO `watermanagement_db`.`tbl_eca_parametro_limite` (`id_eca`, `id_parametro`, `id_unidad`, `limite_maximo`, `limite_minimo`, `comentario`) VALUES (36, 66, 5, 3000, NULL, NULL);
INSERT INTO `watermanagement_db`.`tbl_eca_parametro_limite` (`id_eca`, `id_parametro`, `id_unidad`, `limite_maximo`, `limite_minimo`, `comentario`) VALUES (36, 67, 7, 20, NULL, NULL);
INSERT INTO `watermanagement_db`.`tbl_eca_parametro_limite` (`id_eca`, `id_parametro`, `id_unidad`, `limite_maximo`, `limite_minimo`, `comentario`) VALUES (36, 68, 8, 1000, NULL, NULL);
INSERT INTO `watermanagement_db`.`tbl_eca_parametro_limite` (`id_eca`, `id_parametro`, `id_unidad`, `limite_maximo`, `limite_minimo`, `comentario`) VALUES (36, 69, 8, 1000, NULL, NULL);
INSERT INTO `watermanagement_db`.`tbl_eca_parametro_limite` (`id_eca`, `id_parametro`, `id_unidad`, `limite_maximo`, `limite_minimo`, `comentario`) VALUES (36, 74, 10, 0.011, NULL, NULL);
INSERT INTO `watermanagement_db`.`tbl_eca_parametro_limite` (`id_eca`, `id_parametro`, `id_unidad`, `limite_maximo`, `limite_minimo`, `comentario`) VALUES (36, 76, 10, 10, NULL, NULL);
INSERT INTO `watermanagement_db`.`tbl_eca_parametro_limite` (`id_eca`, `id_parametro`, `id_unidad`, `limite_maximo`, `limite_minimo`, `comentario`) VALUES (36, 77, 10, 10, NULL, NULL);
INSERT INTO `watermanagement_db`.`tbl_eca_parametro_limite` (`id_eca`, `id_parametro`, `id_unidad`, `limite_maximo`, `limite_minimo`, `comentario`) VALUES (36, 82, 10, 5.6E-05, NULL, NULL);
INSERT INTO `watermanagement_db`.`tbl_eca_parametro_limite` (`id_eca`, `id_parametro`, `id_unidad`, `limite_maximo`, `limite_minimo`, `comentario`) VALUES (36, 90, 10, 5.6E-05, NULL, NULL);
INSERT INTO `watermanagement_db`.`tbl_eca_parametro_limite` (`id_eca`, `id_parametro`, `id_unidad`, `limite_maximo`, `limite_minimo`, `comentario`) VALUES (36, 91, 10, 5.6E-05, NULL, NULL);
INSERT INTO `watermanagement_db`.`tbl_eca_parametro_limite` (`id_eca`, `id_parametro`, `id_unidad`, `limite_maximo`, `limite_minimo`, `comentario`) VALUES (36, 93, 10, 3.6E-05, NULL, NULL);
INSERT INTO `watermanagement_db`.`tbl_eca_parametro_limite` (`id_eca`, `id_parametro`, `id_unidad`, `limite_maximo`, `limite_minimo`, `comentario`) VALUES (36, 104, 10, 2.56, NULL, NULL);
INSERT INTO `watermanagement_db`.`tbl_eca_parametro_limite` (`id_eca`, `id_parametro`, `id_unidad`, `limite_maximo`, `limite_minimo`, `comentario`) VALUES (36, 105, 10, 0.001, NULL, NULL);
INSERT INTO `watermanagement_db`.`tbl_eca_parametro_limite` (`id_eca`, `id_parametro`, `id_unidad`, `limite_maximo`, `limite_minimo`, `comentario`) VALUES (36, 117, 10, 0.05, NULL, NULL);
INSERT INTO `watermanagement_db`.`tbl_eca_parametro_limite` (`id_eca`, `id_parametro`, `id_unidad`, `limite_maximo`, `limite_minimo`, `comentario`) VALUES (36, 125, 10, 3.8E-06, NULL, NULL);
INSERT INTO `watermanagement_db`.`tbl_eca_parametro_limite` (`id_eca`, `id_parametro`, `id_unidad`, `limite_maximo`, `limite_minimo`, `comentario`) VALUES (36, 126, 10, 3.8E-06, NULL, NULL);
INSERT INTO `watermanagement_db`.`tbl_eca_parametro_limite` (`id_eca`, `id_parametro`, `id_unidad`, `limite_maximo`, `limite_minimo`, `comentario`) VALUES (36, 127, 10, 0.0006, NULL, NULL);
INSERT INTO `watermanagement_db`.`tbl_eca_parametro_limite` (`id_eca`, `id_parametro`, `id_unidad`, `limite_maximo`, `limite_minimo`, `comentario`) VALUES (36, 128, 10, 0.5, NULL, NULL);
INSERT INTO `watermanagement_db`.`tbl_eca_parametro_limite` (`id_eca`, `id_parametro`, `id_unidad`, `limite_maximo`, `limite_minimo`, `comentario`) VALUES (36, 145, 10, 0.00095, NULL, NULL);
INSERT INTO `watermanagement_db`.`tbl_eca_parametro_limite` (`id_eca`, `id_parametro`, `id_unidad`, `limite_maximo`, `limite_minimo`, `comentario`) VALUES (36, 152, 10, 0.0001, NULL, NULL);
INSERT INTO `watermanagement_db`.`tbl_eca_parametro_limite` (`id_eca`, `id_parametro`, `id_unidad`, `limite_maximo`, `limite_minimo`, `comentario`) VALUES (36, 156, 10, 0.0001, NULL, NULL);
INSERT INTO `watermanagement_db`.`tbl_eca_parametro_limite` (`id_eca`, `id_parametro`, `id_unidad`, `limite_maximo`, `limite_minimo`, `comentario`) VALUES (36, 167, 10, 0.052, NULL, NULL);
INSERT INTO `watermanagement_db`.`tbl_eca_parametro_limite` (`id_eca`, `id_parametro`, `id_unidad`, `limite_maximo`, `limite_minimo`, `comentario`) VALUES (36, 168, 10, 13, NULL, NULL);
INSERT INTO `watermanagement_db`.`tbl_eca_parametro_limite` (`id_eca`, `id_parametro`, `id_unidad`, `limite_maximo`, `limite_minimo`, `comentario`) VALUES (36, 170, 10, 0.02, NULL, NULL);
INSERT INTO `watermanagement_db`.`tbl_eca_parametro_limite` (`id_eca`, `id_parametro`, `id_unidad`, `limite_maximo`, `limite_minimo`, `comentario`) VALUES (36, 174, 10, NULL, 5, NULL);
INSERT INTO `watermanagement_db`.`tbl_eca_parametro_limite` (`id_eca`, `id_parametro`, `id_unidad`, `limite_maximo`, `limite_minimo`, `comentario`) VALUES (36, 175, 10, NULL, 5, NULL);
INSERT INTO `watermanagement_db`.`tbl_eca_parametro_limite` (`id_eca`, `id_parametro`, `id_unidad`, `limite_maximo`, `limite_minimo`, `comentario`) VALUES (36, 176, 10, 1.3E-05, NULL, NULL);
INSERT INTO `watermanagement_db`.`tbl_eca_parametro_limite` (`id_eca`, `id_parametro`, `id_unidad`, `limite_maximo`, `limite_minimo`, `comentario`) VALUES (36, 177, 12, 9, 6.5, NULL);
INSERT INTO `watermanagement_db`.`tbl_eca_parametro_limite` (`id_eca`, `id_parametro`, `id_unidad`, `limite_maximo`, `limite_minimo`, `comentario`) VALUES (36, 178, 12, 9, 6.5, NULL);
INSERT INTO `watermanagement_db`.`tbl_eca_parametro_limite` (`id_eca`, `id_parametro`, `id_unidad`, `limite_maximo`, `limite_minimo`, `comentario`) VALUES (36, 183, 10, 0.0025, NULL, NULL);
INSERT INTO `watermanagement_db`.`tbl_eca_parametro_limite` (`id_eca`, `id_parametro`, `id_unidad`, `limite_maximo`, `limite_minimo`, `comentario`) VALUES (36, 193, 10, 0.005, NULL, NULL);
INSERT INTO `watermanagement_db`.`tbl_eca_parametro_limite` (`id_eca`, `id_parametro`, `id_unidad`, `limite_maximo`, `limite_minimo`, `comentario`) VALUES (36, 203, 10, 500, NULL, NULL);
INSERT INTO `watermanagement_db`.`tbl_eca_parametro_limite` (`id_eca`, `id_parametro`, `id_unidad`, `limite_maximo`, `limite_minimo`, `comentario`) VALUES (36, 204, 10, 500, NULL, NULL);
INSERT INTO `watermanagement_db`.`tbl_eca_parametro_limite` (`id_eca`, `id_parametro`, `id_unidad`, `limite_maximo`, `limite_minimo`, `comentario`) VALUES (36, 205, 10, 100, NULL, NULL);
INSERT INTO `watermanagement_db`.`tbl_eca_parametro_limite` (`id_eca`, `id_parametro`, `id_unidad`, `limite_maximo`, `limite_minimo`, `comentario`) VALUES (36, 209, 10, 0.002, NULL, NULL);
INSERT INTO `watermanagement_db`.`tbl_eca_parametro_limite` (`id_eca`, `id_parametro`, `id_unidad`, `limite_maximo`, `limite_minimo`, `comentario`) VALUES (36, 211, 10, 0.0008, NULL, NULL);
INSERT INTO `watermanagement_db`.`tbl_eca_parametro_limite` (`id_eca`, `id_parametro`, `id_unidad`, `limite_maximo`, `limite_minimo`, `comentario`) VALUES (36, 240, 10, 0.12, NULL, NULL);
INSERT INTO `watermanagement_db`.`tbl_eca_parametro_limite` (`id_eca`, `id_parametro`, `id_unidad`, `limite_maximo`, `limite_minimo`, `comentario`) VALUES (37, 7, 10, 5, NULL, NULL);
INSERT INTO `watermanagement_db`.`tbl_eca_parametro_limite` (`id_eca`, `id_parametro`, `id_unidad`, `limite_maximo`, `limite_minimo`, `comentario`) VALUES (37, 15, 10, 4E-06, NULL, NULL);
INSERT INTO `watermanagement_db`.`tbl_eca_parametro_limite` (`id_eca`, `id_parametro`, `id_unidad`, `limite_maximo`, `limite_minimo`, `comentario`) VALUES (37, 19, 10, 1.9, NULL, NULL);
INSERT INTO `watermanagement_db`.`tbl_eca_parametro_limite` (`id_eca`, `id_parametro`, `id_unidad`, `limite_maximo`, `limite_minimo`, `comentario`) VALUES (37, 21, 10, 0.61, NULL, NULL);
INSERT INTO `watermanagement_db`.`tbl_eca_parametro_limite` (`id_eca`, `id_parametro`, `id_unidad`, `limite_maximo`, `limite_minimo`, `comentario`) VALUES (37, 23, 10, 0.15, NULL, NULL);
INSERT INTO `watermanagement_db`.`tbl_eca_parametro_limite` (`id_eca`, `id_parametro`, `id_unidad`, `limite_maximo`, `limite_minimo`, `comentario`) VALUES (37, 25, 10, 1, NULL, NULL);
INSERT INTO `watermanagement_db`.`tbl_eca_parametro_limite` (`id_eca`, `id_parametro`, `id_unidad`, `limite_maximo`, `limite_minimo`, `comentario`) VALUES (37, 26, 10, 0.05, NULL, NULL);
INSERT INTO `watermanagement_db`.`tbl_eca_parametro_limite` (`id_eca`, `id_parametro`, `id_unidad`, `limite_maximo`, `limite_minimo`, `comentario`) VALUES (37, 28, 10, 0.0001, NULL, NULL);
INSERT INTO `watermanagement_db`.`tbl_eca_parametro_limite` (`id_eca`, `id_parametro`, `id_unidad`, `limite_maximo`, `limite_minimo`, `comentario`) VALUES (37, 41, 10, 0.00025, NULL, NULL);
INSERT INTO `watermanagement_db`.`tbl_eca_parametro_limite` (`id_eca`, `id_parametro`, `id_unidad`, `limite_maximo`, `limite_minimo`, `comentario`) VALUES (37, 50, 10, 0.022, NULL, NULL);
INSERT INTO `watermanagement_db`.`tbl_eca_parametro_limite` (`id_eca`, `id_parametro`, `id_unidad`, `limite_maximo`, `limite_minimo`, `comentario`) VALUES (37, 51, 10, 0.0052, NULL, NULL);
INSERT INTO `watermanagement_db`.`tbl_eca_parametro_limite` (`id_eca`, `id_parametro`, `id_unidad`, `limite_maximo`, `limite_minimo`, `comentario`) VALUES (37, 64, 10, 0.1, NULL, NULL);
INSERT INTO `watermanagement_db`.`tbl_eca_parametro_limite` (`id_eca`, `id_parametro`, `id_unidad`, `limite_maximo`, `limite_minimo`, `comentario`) VALUES (37, 65, 5, 2000, NULL, NULL);
INSERT INTO `watermanagement_db`.`tbl_eca_parametro_limite` (`id_eca`, `id_parametro`, `id_unidad`, `limite_maximo`, `limite_minimo`, `comentario`) VALUES (37, 66, 5, 3000, NULL, NULL);
INSERT INTO `watermanagement_db`.`tbl_eca_parametro_limite` (`id_eca`, `id_parametro`, `id_unidad`, `limite_maximo`, `limite_minimo`, `comentario`) VALUES (37, 67, 7, 20, NULL, NULL);
INSERT INTO `watermanagement_db`.`tbl_eca_parametro_limite` (`id_eca`, `id_parametro`, `id_unidad`, `limite_maximo`, `limite_minimo`, `comentario`) VALUES (37, 68, 8, 1000, NULL, NULL);
INSERT INTO `watermanagement_db`.`tbl_eca_parametro_limite` (`id_eca`, `id_parametro`, `id_unidad`, `limite_maximo`, `limite_minimo`, `comentario`) VALUES (37, 69, 8, 1000, NULL, NULL);
INSERT INTO `watermanagement_db`.`tbl_eca_parametro_limite` (`id_eca`, `id_parametro`, `id_unidad`, `limite_maximo`, `limite_minimo`, `comentario`) VALUES (37, 74, 10, 0.011, NULL, NULL);
INSERT INTO `watermanagement_db`.`tbl_eca_parametro_limite` (`id_eca`, `id_parametro`, `id_unidad`, `limite_maximo`, `limite_minimo`, `comentario`) VALUES (37, 76, 10, 10, NULL, NULL);
INSERT INTO `watermanagement_db`.`tbl_eca_parametro_limite` (`id_eca`, `id_parametro`, `id_unidad`, `limite_maximo`, `limite_minimo`, `comentario`) VALUES (37, 77, 10, 10, NULL, NULL);
INSERT INTO `watermanagement_db`.`tbl_eca_parametro_limite` (`id_eca`, `id_parametro`, `id_unidad`, `limite_maximo`, `limite_minimo`, `comentario`) VALUES (37, 82, 10, 5.6E-05, NULL, NULL);
INSERT INTO `watermanagement_db`.`tbl_eca_parametro_limite` (`id_eca`, `id_parametro`, `id_unidad`, `limite_maximo`, `limite_minimo`, `comentario`) VALUES (37, 90, 10, 5.6E-05, NULL, NULL);
INSERT INTO `watermanagement_db`.`tbl_eca_parametro_limite` (`id_eca`, `id_parametro`, `id_unidad`, `limite_maximo`, `limite_minimo`, `comentario`) VALUES (37, 91, 10, 5.6E-05, NULL, NULL);
INSERT INTO `watermanagement_db`.`tbl_eca_parametro_limite` (`id_eca`, `id_parametro`, `id_unidad`, `limite_maximo`, `limite_minimo`, `comentario`) VALUES (37, 93, 10, 3.6E-05, NULL, NULL);
INSERT INTO `watermanagement_db`.`tbl_eca_parametro_limite` (`id_eca`, `id_parametro`, `id_unidad`, `limite_maximo`, `limite_minimo`, `comentario`) VALUES (37, 104, 10, 2.56, NULL, NULL);
INSERT INTO `watermanagement_db`.`tbl_eca_parametro_limite` (`id_eca`, `id_parametro`, `id_unidad`, `limite_maximo`, `limite_minimo`, `comentario`) VALUES (37, 105, 10, 0.001, NULL, NULL);
INSERT INTO `watermanagement_db`.`tbl_eca_parametro_limite` (`id_eca`, `id_parametro`, `id_unidad`, `limite_maximo`, `limite_minimo`, `comentario`) VALUES (37, 117, 10, 0.05, NULL, NULL);
INSERT INTO `watermanagement_db`.`tbl_eca_parametro_limite` (`id_eca`, `id_parametro`, `id_unidad`, `limite_maximo`, `limite_minimo`, `comentario`) VALUES (37, 125, 10, 3.8E-06, NULL, NULL);
INSERT INTO `watermanagement_db`.`tbl_eca_parametro_limite` (`id_eca`, `id_parametro`, `id_unidad`, `limite_maximo`, `limite_minimo`, `comentario`) VALUES (37, 126, 10, 3.8E-06, NULL, NULL);
INSERT INTO `watermanagement_db`.`tbl_eca_parametro_limite` (`id_eca`, `id_parametro`, `id_unidad`, `limite_maximo`, `limite_minimo`, `comentario`) VALUES (37, 127, 10, 0.0006, NULL, NULL);
INSERT INTO `watermanagement_db`.`tbl_eca_parametro_limite` (`id_eca`, `id_parametro`, `id_unidad`, `limite_maximo`, `limite_minimo`, `comentario`) VALUES (37, 128, 10, 0.5, NULL, NULL);
INSERT INTO `watermanagement_db`.`tbl_eca_parametro_limite` (`id_eca`, `id_parametro`, `id_unidad`, `limite_maximo`, `limite_minimo`, `comentario`) VALUES (37, 145, 10, 0.00095, NULL, NULL);
INSERT INTO `watermanagement_db`.`tbl_eca_parametro_limite` (`id_eca`, `id_parametro`, `id_unidad`, `limite_maximo`, `limite_minimo`, `comentario`) VALUES (37, 152, 10, 0.0001, NULL, NULL);
INSERT INTO `watermanagement_db`.`tbl_eca_parametro_limite` (`id_eca`, `id_parametro`, `id_unidad`, `limite_maximo`, `limite_minimo`, `comentario`) VALUES (37, 156, 10, 0.0001, NULL, NULL);
INSERT INTO `watermanagement_db`.`tbl_eca_parametro_limite` (`id_eca`, `id_parametro`, `id_unidad`, `limite_maximo`, `limite_minimo`, `comentario`) VALUES (37, 167, 10, 0.052, NULL, NULL);
INSERT INTO `watermanagement_db`.`tbl_eca_parametro_limite` (`id_eca`, `id_parametro`, `id_unidad`, `limite_maximo`, `limite_minimo`, `comentario`) VALUES (37, 168, 10, 13, NULL, NULL);
INSERT INTO `watermanagement_db`.`tbl_eca_parametro_limite` (`id_eca`, `id_parametro`, `id_unidad`, `limite_maximo`, `limite_minimo`, `comentario`) VALUES (37, 170, 10, 0.05, NULL, NULL);
INSERT INTO `watermanagement_db`.`tbl_eca_parametro_limite` (`id_eca`, `id_parametro`, `id_unidad`, `limite_maximo`, `limite_minimo`, `comentario`) VALUES (37, 174, 10, NULL, 5, NULL);
INSERT INTO `watermanagement_db`.`tbl_eca_parametro_limite` (`id_eca`, `id_parametro`, `id_unidad`, `limite_maximo`, `limite_minimo`, `comentario`) VALUES (37, 175, 10, NULL, 5, NULL);
INSERT INTO `watermanagement_db`.`tbl_eca_parametro_limite` (`id_eca`, `id_parametro`, `id_unidad`, `limite_maximo`, `limite_minimo`, `comentario`) VALUES (37, 176, 10, 1.3E-05, NULL, NULL);
INSERT INTO `watermanagement_db`.`tbl_eca_parametro_limite` (`id_eca`, `id_parametro`, `id_unidad`, `limite_maximo`, `limite_minimo`, `comentario`) VALUES (37, 177, 12, 9, 6.5, NULL);
INSERT INTO `watermanagement_db`.`tbl_eca_parametro_limite` (`id_eca`, `id_parametro`, `id_unidad`, `limite_maximo`, `limite_minimo`, `comentario`) VALUES (37, 178, 12, 9, 6.5, NULL);
INSERT INTO `watermanagement_db`.`tbl_eca_parametro_limite` (`id_eca`, `id_parametro`, `id_unidad`, `limite_maximo`, `limite_minimo`, `comentario`) VALUES (37, 183, 10, 0.0025, NULL, NULL);
INSERT INTO `watermanagement_db`.`tbl_eca_parametro_limite` (`id_eca`, `id_parametro`, `id_unidad`, `limite_maximo`, `limite_minimo`, `comentario`) VALUES (37, 193, 10, 0.005, NULL, NULL);
INSERT INTO `watermanagement_db`.`tbl_eca_parametro_limite` (`id_eca`, `id_parametro`, `id_unidad`, `limite_maximo`, `limite_minimo`, `comentario`) VALUES (37, 203, 10, 500, NULL, NULL);
INSERT INTO `watermanagement_db`.`tbl_eca_parametro_limite` (`id_eca`, `id_parametro`, `id_unidad`, `limite_maximo`, `limite_minimo`, `comentario`) VALUES (37, 204, 10, 500, NULL, NULL);
INSERT INTO `watermanagement_db`.`tbl_eca_parametro_limite` (`id_eca`, `id_parametro`, `id_unidad`, `limite_maximo`, `limite_minimo`, `comentario`) VALUES (37, 205, 10, 400, NULL, NULL);
INSERT INTO `watermanagement_db`.`tbl_eca_parametro_limite` (`id_eca`, `id_parametro`, `id_unidad`, `limite_maximo`, `limite_minimo`, `comentario`) VALUES (37, 209, 10, 0.002, NULL, NULL);
INSERT INTO `watermanagement_db`.`tbl_eca_parametro_limite` (`id_eca`, `id_parametro`, `id_unidad`, `limite_maximo`, `limite_minimo`, `comentario`) VALUES (37, 211, 10, 0.0008, NULL, NULL);
INSERT INTO `watermanagement_db`.`tbl_eca_parametro_limite` (`id_eca`, `id_parametro`, `id_unidad`, `limite_maximo`, `limite_minimo`, `comentario`) VALUES (37, 240, 10, 0.12, NULL, NULL);

INSERT INTO `watermanagement_db`.`tbl_empleado` (`id_empleado`, `nombres`, `apellidos`, `telefono`) VALUES (1, N'Paul', N'Andrade', NULL);
INSERT INTO `watermanagement_db`.`tbl_empleado` (`id_empleado`, `nombres`, `apellidos`, `telefono`) VALUES (2, N'Frank', N'Guerra', NULL);
INSERT INTO `watermanagement_db`.`tbl_empleado` (`id_empleado`, `nombres`, `apellidos`, `telefono`) VALUES (3, N'Manuel', N'Portal', NULL);
INSERT INTO `watermanagement_db`.`tbl_empleado` (`id_empleado`, `nombres`, `apellidos`, `telefono`) VALUES (4, N'Orcar', N'Orbezo', NULL);
INSERT INTO `watermanagement_db`.`tbl_empleado` (`id_empleado`, `nombres`, `apellidos`, `telefono`) VALUES (5, N'Antonio', N'Portal', NULL);
INSERT INTO `watermanagement_db`.`tbl_empleado` (`id_empleado`, `nombres`, `apellidos`, `telefono`) VALUES (6, N'Hugo', N'Andrade', NULL);
INSERT INTO `watermanagement_db`.`tbl_empleado` (`id_empleado`, `nombres`, `apellidos`, `telefono`) VALUES (7, N'Miguel', N'Calderon', NULL);

INSERT INTO `watermanagement_db`.`tbl_perfil` (`id_perfil`, `nombre_perfil`) VALUES (1, N'Administrador');
INSERT INTO `watermanagement_db`.`tbl_perfil` (`id_perfil`, `nombre_perfil`) VALUES (2, N'Usuario');

INSERT INTO `watermanagement_db`.`tbl_usuario` (`id_usuario`, `id_perfil`, `usuario`, `pssword`) VALUES (1, 1, N'pandrade', N'123123');

INSERT INTO `watermanagement_db`.`tbl_parametro_grupo_lista` (`id_parametro_grupo_lista`, `nombre_grupo`, `comentario`) VALUES (1, N'Campo', N'QAQC EB calculation');
INSERT INTO `watermanagement_db`.`tbl_parametro_grupo_lista` (`id_parametro_grupo_lista`, `nombre_grupo`, `comentario`) VALUES (2, N'Suma aniones', N'QAQC EB calculation');
INSERT INTO `watermanagement_db`.`tbl_parametro_grupo_lista` (`id_parametro_grupo_lista`, `nombre_grupo`, `comentario`) VALUES (3, N'Suma cationes', N'QAQC DT calculation');
INSERT INTO `watermanagement_db`.`tbl_parametro_grupo_lista` (`id_parametro_grupo_lista`, `nombre_grupo`, `comentario`) VALUES (4, N'Cationes Totales', N'QAQC TDS calculation');
INSERT INTO `watermanagement_db`.`tbl_parametro_grupo_lista` (`id_parametro_grupo_lista`, `nombre_grupo`, `comentario`) VALUES (5, N'Cationes Disueltos', NULL);

INSERT INTO `watermanagement_db`.`tbl_parametro_grupo` (`id_parametro_grupo_lista`, `id_parametro`, `comment`, `orden`) VALUES (1, 45, N'01_FichaTerreno Caudal', N'01');
INSERT INTO `watermanagement_db`.`tbl_parametro_grupo` (`id_parametro_grupo_lista`, `id_parametro`, `comment`, `orden`) VALUES (2, 11, N'02_Suma aniones Alcalinidad Bicarbonato', N'10');
INSERT INTO `watermanagement_db`.`tbl_parametro_grupo` (`id_parametro_grupo_lista`, `id_parametro`, `comment`, `orden`) VALUES (2, 60, N'02_Suma aniones Cloruro', N'09');
INSERT INTO `watermanagement_db`.`tbl_parametro_grupo` (`id_parametro_grupo_lista`, `id_parametro`, `comment`, `orden`) VALUES (2, 206, N'02_Suma aniones Sulfato', N'14');
INSERT INTO `watermanagement_db`.`tbl_parametro_grupo` (`id_parametro_grupo_lista`, `id_parametro`, `comment`, `orden`) VALUES (3, 17, N'03_Suma cationes Aluminio (Disuelto)', N'06');
INSERT INTO `watermanagement_db`.`tbl_parametro_grupo` (`id_parametro_grupo_lista`, `id_parametro`, `comment`, `orden`) VALUES (3, 42, N'03_Suma cationes Calcio (Disuelto)', N'05');
INSERT INTO `watermanagement_db`.`tbl_parametro_grupo` (`id_parametro_grupo_lista`, `id_parametro`, `comment`, `orden`) VALUES (3, 136, N'03_Suma cationes Hierro (Disuelto)', N'07');
INSERT INTO `watermanagement_db`.`tbl_parametro_grupo` (`id_parametro_grupo_lista`, `id_parametro`, `comment`, `orden`) VALUES (3, 150, N'03_Suma cationes Magnesio (Disuelto)', N'04');
INSERT INTO `watermanagement_db`.`tbl_parametro_grupo` (`id_parametro_grupo_lista`, `id_parametro`, `comment`, `orden`) VALUES (3, 184, N'03_Suma cationes Potasio (Disuelto)', N'02');
INSERT INTO `watermanagement_db`.`tbl_parametro_grupo` (`id_parametro_grupo_lista`, `id_parametro`, `comment`, `orden`) VALUES (3, 201, N'03_Suma cationes Sodio (Disuelto)', N'03');
INSERT INTO `watermanagement_db`.`tbl_parametro_grupo` (`id_parametro_grupo_lista`, `id_parametro`, `comment`, `orden`) VALUES (4, 18, N'04_Cationes Totales Aluminio (Total)', N'03');
INSERT INTO `watermanagement_db`.`tbl_parametro_grupo` (`id_parametro_grupo_lista`, `id_parametro`, `comment`, `orden`) VALUES (4, 23, N'04_Cationes Totales Arsénico (Total)', N'11');
INSERT INTO `watermanagement_db`.`tbl_parametro_grupo` (`id_parametro_grupo_lista`, `id_parametro`, `comment`, `orden`) VALUES (4, 41, N'04_Cationes Totales Cadmio (Total)', N'12');
INSERT INTO `watermanagement_db`.`tbl_parametro_grupo` (`id_parametro_grupo_lista`, `id_parametro`, `comment`, `orden`) VALUES (4, 43, N'04_Cationes Totales Calcio (Total)', N'05');
INSERT INTO `watermanagement_db`.`tbl_parametro_grupo` (`id_parametro_grupo_lista`, `id_parametro`, `comment`, `orden`) VALUES (4, 64, N'04_Cationes Totales Cobre (Total)', N'09');
INSERT INTO `watermanagement_db`.`tbl_parametro_grupo` (`id_parametro_grupo_lista`, `id_parametro`, `comment`, `orden`) VALUES (4, 137, N'04_Cationes Totales Hierro (Total)', N'07');
INSERT INTO `watermanagement_db`.`tbl_parametro_grupo` (`id_parametro_grupo_lista`, `id_parametro`, `comment`, `orden`) VALUES (4, 151, N'04_Cationes Totales Magnesio (Total)', N'02');
INSERT INTO `watermanagement_db`.`tbl_parametro_grupo` (`id_parametro_grupo_lista`, `id_parametro`, `comment`, `orden`) VALUES (4, 154, N'04_Cationes Totales Manganeso (Total)', N'06');
INSERT INTO `watermanagement_db`.`tbl_parametro_grupo` (`id_parametro_grupo_lista`, `id_parametro`, `comment`, `orden`) VALUES (4, 156, N'04_Cationes Totales Mercurio (Total)', N'13');
INSERT INTO `watermanagement_db`.`tbl_parametro_grupo` (`id_parametro_grupo_lista`, `id_parametro`, `comment`, `orden`) VALUES (4, 167, N'04_Cationes Totales Níquel (Total)', N'08');
INSERT INTO `watermanagement_db`.`tbl_parametro_grupo` (`id_parametro_grupo_lista`, `id_parametro`, `comment`, `orden`) VALUES (4, 183, N'04_Cationes Totales Plomo (Total)', N'14');
INSERT INTO `watermanagement_db`.`tbl_parametro_grupo` (`id_parametro_grupo_lista`, `id_parametro`, `comment`, `orden`) VALUES (4, 185, N'04_Cationes Totales Potasio (Total)', N'04');
INSERT INTO `watermanagement_db`.`tbl_parametro_grupo` (`id_parametro_grupo_lista`, `id_parametro`, `comment`, `orden`) VALUES (4, 202, N'04_Cationes Totales Sodio (Total)', N'01');
INSERT INTO `watermanagement_db`.`tbl_parametro_grupo` (`id_parametro_grupo_lista`, `id_parametro`, `comment`, `orden`) VALUES (4, 240, N'04_Cationes Totales Zinc (Total)', N'10');
INSERT INTO `watermanagement_db`.`tbl_parametro_grupo` (`id_parametro_grupo_lista`, `id_parametro`, `comment`, `orden`) VALUES (5, 17, N'05_Cationes Disueltos Aluminio (Disuelto)', N'03');
INSERT INTO `watermanagement_db`.`tbl_parametro_grupo` (`id_parametro_grupo_lista`, `id_parametro`, `comment`, `orden`) VALUES (5, 22, N'05_Cationes Disueltos Arsénico (Disuelto)', N'11');
INSERT INTO `watermanagement_db`.`tbl_parametro_grupo` (`id_parametro_grupo_lista`, `id_parametro`, `comment`, `orden`) VALUES (5, 40, N'05_Cationes Disueltos Cadmio (Disuelto)', N'12');
INSERT INTO `watermanagement_db`.`tbl_parametro_grupo` (`id_parametro_grupo_lista`, `id_parametro`, `comment`, `orden`) VALUES (5, 42, N'05_Cationes Disueltos Calcio (Disuelto)', N'05');
INSERT INTO `watermanagement_db`.`tbl_parametro_grupo` (`id_parametro_grupo_lista`, `id_parametro`, `comment`, `orden`) VALUES (5, 63, N'05_Cationes Disueltos Cobre (Disuelto)', N'09');
INSERT INTO `watermanagement_db`.`tbl_parametro_grupo` (`id_parametro_grupo_lista`, `id_parametro`, `comment`, `orden`) VALUES (5, 136, N'05_Cationes Disueltos Hierro (Disuelto)', N'07');
INSERT INTO `watermanagement_db`.`tbl_parametro_grupo` (`id_parametro_grupo_lista`, `id_parametro`, `comment`, `orden`) VALUES (5, 150, N'05_Cationes Disueltos Magnesio (Disuelto)', N'02');
INSERT INTO `watermanagement_db`.`tbl_parametro_grupo` (`id_parametro_grupo_lista`, `id_parametro`, `comment`, `orden`) VALUES (5, 153, N'05_Cationes Disueltos Manganeso (Disuelto)', N'06');
INSERT INTO `watermanagement_db`.`tbl_parametro_grupo` (`id_parametro_grupo_lista`, `id_parametro`, `comment`, `orden`) VALUES (5, 155, N'05_Cationes Disueltos Mercurio (Disuelto)', N'13');
INSERT INTO `watermanagement_db`.`tbl_parametro_grupo` (`id_parametro_grupo_lista`, `id_parametro`, `comment`, `orden`) VALUES (5, 166, N'05_Cationes Disueltos Níquel (Disuelto)', N'08');
INSERT INTO `watermanagement_db`.`tbl_parametro_grupo` (`id_parametro_grupo_lista`, `id_parametro`, `comment`, `orden`) VALUES (5, 182, N'05_Cationes Disueltos Plomo (Disuelto)', N'14');
INSERT INTO `watermanagement_db`.`tbl_parametro_grupo` (`id_parametro_grupo_lista`, `id_parametro`, `comment`, `orden`) VALUES (5, 184, N'05_Cationes Disueltos Potasio (Disuelto)', N'04');
INSERT INTO `watermanagement_db`.`tbl_parametro_grupo` (`id_parametro_grupo_lista`, `id_parametro`, `comment`, `orden`) VALUES (5, 201, N'05_Cationes Disueltos Sodio (Disuelto)', N'01');
INSERT INTO `watermanagement_db`.`tbl_parametro_grupo` (`id_parametro_grupo_lista`, `id_parametro`, `comment`, `orden`) VALUES (5, 239, N'05_Cationes Disueltos Zinc (Disuelto)', N'10');


INSERT INTO `watermanagement_db`.`tbl_cliente` (`id_cliente`, `razon_social`, `ruc`, `telefono`, `email`, `web`, `nombre_contacto`, `telefono_contacto`) VALUES (1, N'Compañía Minera SRL', NULL, NULL, NULL, NULL, NULL, NULL);

INSERT INTO `watermanagement_db`.`tbl_proyecto` (`id_proyecto`, `nombre_proyecto`, `descripcion`, `id_cliente`) VALUES (1, N'Proyecto minero', N'El yacimiento está situado a 48 km al norte de la ciudad de Cajamarca, en el Perú. Considerada la mayor mina aurífera de Sudamérica y la segunda más grande a nivel mundial', 1);

INSERT INTO `watermanagement_db`.`tbl_analisis_requerido` (`id_requerimiento`, `nombre_parametro`, `preservante`) VALUES (1, N'Cianuro WAD, Total y Libre', N'No');
INSERT INTO `watermanagement_db`.`tbl_analisis_requerido` (`id_requerimiento`, `nombre_parametro`, `preservante`) VALUES (2, N'Alcalinidad Total', N'No');
INSERT INTO `watermanagement_db`.`tbl_analisis_requerido` (`id_requerimiento`, `nombre_parametro`, `preservante`) VALUES (3, N'Metales totales', N'No');
INSERT INTO `watermanagement_db`.`tbl_analisis_requerido` (`id_requerimiento`, `nombre_parametro`, `preservante`) VALUES (4, N'Metales disueltos', N'Si');
INSERT INTO `watermanagement_db`.`tbl_analisis_requerido` (`id_requerimiento`, `nombre_parametro`, `preservante`) VALUES (5, N'Aceites y grasas', N'Si');

INSERT INTO `watermanagement_db`.`tbl_laboratorio` (`id_lab`, `nombre_laboratorio`, `telefono_contacto`) VALUES (1, N'SGS', NULL);
INSERT INTO `watermanagement_db`.`tbl_laboratorio` (`id_lab`, `nombre_laboratorio`, `telefono_contacto`) VALUES (2, N'Cerper', NULL);
INSERT INTO `watermanagement_db`.`tbl_laboratorio` (`id_lab`, `nombre_laboratorio`, `telefono_contacto`) VALUES (3, N'CorpLab-ALS', NULL);

INSERT INTO `watermanagement_db`.`tbl_quality_control` (`id_quality_control`, `nombre_qc`, `descripcion_qc`) VALUES (N'A', N'Aceptable', N'Los resultados de la muestra avaluada son aceptables.');
INSERT INTO `watermanagement_db`.`tbl_quality_control` (`id_quality_control`, `nombre_qc`, `descripcion_qc`) VALUES (N'P', N'Pendiente', N'Los resultados de la muestra no han sido evaluados o son insuficiente.');
INSERT INTO `watermanagement_db`.`tbl_quality_control` (`id_quality_control`, `nombre_qc`, `descripcion_qc`) VALUES (N'R', N'Rechazada', N'La muestra requiere reanalisis o podría estar contaminada, usar como referencial.');

INSERT INTO `watermanagement_db`.`tbl_tarea` (`id_tarea`, `nombre_tarea`, `descripcion_tarea`) VALUES (1, N'Análisis de parámetros físico químicos', NULL);
INSERT INTO `watermanagement_db`.`tbl_tarea` (`id_tarea`, `nombre_tarea`, `descripcion_tarea`) VALUES (2, N'Toma de muestras para laboratorio', NULL);
INSERT INTO `watermanagement_db`.`tbl_tarea` (`id_tarea`, `nombre_tarea`, `descripcion_tarea`) VALUES (3, N'Medición de caudales', NULL);
INSERT INTO `watermanagement_db`.`tbl_tarea` (`id_tarea`, `nombre_tarea`, `descripcion_tarea`) VALUES (4, N'Medición de niveles de agua', NULL);
INSERT INTO `watermanagement_db`.`tbl_tarea` (`id_tarea`, `nombre_tarea`, `descripcion_tarea`) VALUES (5, N'Descarga de datos de meteorología', NULL);
INSERT INTO `watermanagement_db`.`tbl_tarea` (`id_tarea`, `nombre_tarea`, `descripcion_tarea`) VALUES (6, N'Descarga de datos de pluviometría', NULL);
INSERT INTO `watermanagement_db`.`tbl_tarea` (`id_tarea`, `nombre_tarea`, `descripcion_tarea`) VALUES (7, N'Toma de muestra duplicada', NULL);

INSERT INTO `watermanagement_db`.`tbl_tipo_estacion` (`id_tipo_estacion`, `tipo_estacion`, `descripcion`) VALUES (1, N'Agua superficial', NULL);
INSERT INTO `watermanagement_db`.`tbl_tipo_estacion` (`id_tipo_estacion`, `tipo_estacion`, `descripcion`) VALUES (2, N'Agua subterránea', NULL);
INSERT INTO `watermanagement_db`.`tbl_tipo_estacion` (`id_tipo_estacion`, `tipo_estacion`, `descripcion`) VALUES (3, N'Piezómetro', NULL);
INSERT INTO `watermanagement_db`.`tbl_tipo_estacion` (`id_tipo_estacion`, `tipo_estacion`, `descripcion`) VALUES (4, N'Estación meteorológica', NULL);
INSERT INTO `watermanagement_db`.`tbl_tipo_estacion` (`id_tipo_estacion`, `tipo_estacion`, `descripcion`) VALUES (5, N'Pluviómetro', NULL);
INSERT INTO `watermanagement_db`.`tbl_tipo_estacion` (`id_tipo_estacion`, `tipo_estacion`, `descripcion`) VALUES (6, N'Pozo', NULL);

INSERT INTO `watermanagement_db`.`tbl_tipo_muestra` (`id_tipo_muestra`, `tipo_muestra`, `descripcion`) VALUES (1, N'Original', NULL);
INSERT INTO `watermanagement_db`.`tbl_tipo_muestra` (`id_tipo_muestra`, `tipo_muestra`, `descripcion`) VALUES (2, N'Duplicado', NULL);
INSERT INTO `watermanagement_db`.`tbl_tipo_muestra` (`id_tipo_muestra`, `tipo_muestra`, `descripcion`) VALUES (5, N'Blanco', NULL);

INSERT INTO `watermanagement_db`.`tbl_zona` (`id_zona`, `pais`, `departamento`, `provincia`, `distrito`, `zona`) VALUES (1, N'Perú', N'Cajamarca', N'Cajamarca', N'Cajamarca', N'CARACHUGO');
INSERT INTO `watermanagement_db`.`tbl_zona` (`id_zona`, `pais`, `departamento`, `provincia`, `distrito`, `zona`) VALUES (2, N'Perú', N'Cajamarca', N'Cajamarca', N'Cajamarca', N'CERRO NEGRO');
INSERT INTO `watermanagement_db`.`tbl_zona` (`id_zona`, `pais`, `departamento`, `provincia`, `distrito`, `zona`) VALUES (3, N'Perú', N'Cajamarca', N'Cajamarca', N'Cajamarca', N'CERRO YANACOCHA');
INSERT INTO `watermanagement_db`.`tbl_zona` (`id_zona`, `pais`, `departamento`, `provincia`, `distrito`, `zona`) VALUES (4, N'Perú', N'Cajamarca', N'Cajamarca', N'Cajamarca', N'CHAQUICOCHA');
INSERT INTO `watermanagement_db`.`tbl_zona` (`id_zona`, `pais`, `departamento`, `provincia`, `distrito`, `zona`) VALUES (5, N'Perú', N'Cajamarca', N'Cajamarca', N'Cajamarca', N'CHINA LINDA');
INSERT INTO `watermanagement_db`.`tbl_zona` (`id_zona`, `pais`, `departamento`, `provincia`, `distrito`, `zona`) VALUES (6, N'Perú', N'Cajamarca', N'Cajamarca', N'Cajamarca', N'DESCONOCIDO');
INSERT INTO `watermanagement_db`.`tbl_zona` (`id_zona`, `pais`, `departamento`, `provincia`, `distrito`, `zona`) VALUES (7, N'Perú', N'Cajamarca', N'Cajamarca', N'Cajamarca', N'EL TAPADO');
INSERT INTO `watermanagement_db`.`tbl_zona` (`id_zona`, `pais`, `departamento`, `provincia`, `distrito`, `zona`) VALUES (8, N'Perú', N'Cajamarca', N'Cajamarca', N'Cajamarca', N'LA QUINUA');
INSERT INTO `watermanagement_db`.`tbl_zona` (`id_zona`, `pais`, `departamento`, `provincia`, `distrito`, `zona`) VALUES (9, N'Perú', N'Cajamarca', N'Cajamarca', N'Cajamarca', N'MAQUI MAQUI');
INSERT INTO `watermanagement_db`.`tbl_zona` (`id_zona`, `pais`, `departamento`, `provincia`, `distrito`, `zona`) VALUES (10, N'Perú', N'Cajamarca', N'Cajamarca', N'Cajamarca', N'RIO AZUFRE');
INSERT INTO `watermanagement_db`.`tbl_zona` (`id_zona`, `pais`, `departamento`, `provincia`, `distrito`, `zona`) VALUES (11, N'Perú', N'Cajamarca', N'Cajamarca', N'Cajamarca', N'YANACOCHA');
